Unnamed: 0,area_fips,year,qtr,qtrly_estabs,month1_emplvl,month2_emplvl,month3_emplvl,total_qtrly_wages,qtr_emp,affected_county,after_2005Q3,affected_county_after_shock
383,22063,2003,4,1400,17866,17697,17696,110988687,53259,1,0,0
346,22045,2003,3,1803,30620,30973,31483,223175185,93076,1,0,0
345,22045,2003,2,1810,29598,29863,30518,219521478,89979,1,0,0
344,22045,2003,1,1805,29188,29038,28976,210096622,87202,1,0,0
343,22043,2003,4,221,3145,3165,3214,21520968,9524,0,0,0
342,22043,2003,3,221,2979,3026,3047,19147398,9052,0,0,0
341,22043,2003,2,223,3045,3066,3012,20219148,9123,0,0,0
340,22043,2003,1,229,2950,2971,3026,18382235,8947,0,0,0
339,22041,2003,4,435,5580,5481,5448,28830203,16509,0,0,0
338,22041,2003,3,444,5286,5353,5574,26149498,16213,0,0,0
337,22041,2003,2,445,5292,5273,5384,26565394,15949,0,0,0
336,22041,2003,1,447,5273,5217,5259,24607833,15749,0,0,0
335,22039,2003,4,635,7586,7512,7553,46828229,22651,0,0,0
334,22039,2003,3,633,7546,7591,7659,42598626,22796,0,0,0
333,22039,2003,2,636,7682,7754,7720,45626314,23156,0,0,0
332,22039,2003,1,629,7641,7650,7771,42321055,23062,0,0,0
331,22037,2003,4,304,5329,5282,5278,37402120,15889,0,0,0
330,22037,2003,3,300,5307,5320,5396,33915740,16023,0,0,0
329,22037,2003,2,292,5398,5429,5460,36186119,16287,0,0,0
328,22037,2003,1,291,5327,5368,5380,32256878,16075,0,0,0
327,22035,2003,4,208,2308,2239,2131,12990303,6678,0,0,0
326,22035,2003,3,213,2091,2086,2252,11480267,6429,0,0,0
325,22035,2003,2,211,2079,2142,2077,10939272,6298,0,0,0
324,22035,2003,1,213,1990,1958,1977,10070270,5925,0,0,0
323,22033,2003,4,12991,247117,246758,247476,2113567868,741351,1,0,0
322,22033,2003,3,13130,238434,244348,244689,1908537517,727471,1,0,0
321,22033,2003,2,13167,242641,244540,243504,1946236168,730685,1,0,0
320,22033,2003,1,13132,238327,239876,240549,1928112809,718752,1,0,0
347,22045,2003,4,1797,31649,31656,31893,255565115,95198,1,0,0
348,22047,2003,1,673,14072,14111,14212,147575013,42395,0,0,0
349,22047,2003,2,670,14131,14164,14223,138313613,42518,0,0,0
350,22047,2003,3,673,13791,13872,13888,132962043,41551,0,0,0
378,22061,2003,3,1027,16998,17082,17357,110189382,51437,0,0,0
377,22061,2003,2,1024,17237,17350,17190,111651400,51777,0,0,0
376,22061,2003,1,1023,17014,17119,17139,111000590,51272,0,0,0
375,22059,2003,4,328,3702,3670,3742,20436398,11114,0,0,0
374,22059,2003,3,332,3590,3550,3506,19659473,10646,0,0,0
373,22059,2003,2,332,3549,3706,3694,19929617,10949,0,0,0
372,22059,2003,1,333,3784,3721,3671,19219422,11176,0,0,0
371,22057,2003,4,1992,33691,33446,33797,271177801,100934,1,0,0
370,22057,2003,3,2020,33866,33689,33772,247602483,101327,1,0,0
369,22057,2003,2,2025,33487,33496,33708,249101611,100691,1,0,0
368,22057,2003,1,2010,32947,32784,33101,242538971,98832,1,0,0
367,22055,2003,4,7407,119821,120133,121391,1065030683,361345,0,0,0
366,22055,2003,3,7496,118561,119150,118963,973443355,356674,0,0,0
319,22031,2003,4,426,6094,6201,6150,46480329,18445,0,0,0
365,22055,2003,2,7490,118780,119054,119635,956174263,357469,0,0,0
363,22053,2003,4,677,7955,7999,7980,45909299,23934,0,0,0
362,22053,2003,3,689,7902,7919,7830,43603302,23651,0,0,0
361,22053,2003,2,689,7860,7902,8050,42390566,23812,0,0,0
360,22053,2003,1,687,7733,7694,7735,42422664,23162,0,0,0
359,22051,2003,4,13760,211855,213409,214378,1794926133,639642,1,0,0
358,22051,2003,3,14085,213123,211981,211370,1614291731,636474,1,0,0
357,22051,2003,2,14109,212007,213310,212811,1610653449,638128,1,0,0
356,22051,2003,1,13931,210116,210889,211757,1604176932,632762,1,0,0
355,22049,2003,4,319,3902,3885,3968,28629038,11755,0,0,0
354,22049,2003,3,317,3921,3917,3942,28150204,11780,0,0,0
353,22049,2003,2,317,3914,3935,4099,27019220,11948,0,0,0
352,22049,2003,1,318,3826,3808,3864,27444860,11498,0,0,0
351,22047,2003,4,652,14017,14102,14018,147123515,42137,0,0,0
364,22055,2003,1,7432,118295,118826,119118,957675416,356239,0,0,0
318,22031,2003,3,428,6116,6121,6125,43743875,18362,0,0,0
317,22031,2003,2,429,6106,6012,6090,44975507,18208,0,0,0
316,22031,2003,1,426,6072,6041,6136,44116094,18249,0,0,0
283,22013,2003,4,303,3981,3994,3974,27223622,11949,0,0,0
282,22013,2003,3,308,3993,3882,3887,25730965,11762,0,0,0
281,22013,2003,2,304,3941,3967,4028,26363726,11936,0,0,0
280,22013,2003,1,307,4003,3984,3978,25905841,11965,0,0,0
279,22011,2003,4,648,8665,8702,8669,64375590,26036,0,0,0
278,22011,2003,3,670,8390,8443,8636,61241482,25469,0,0,0
277,22011,2003,2,665,8663,9070,8610,60920207,26343,0,0,0
276,22011,2003,1,662,8606,8530,8570,60715870,25706,0,0,0
275,22009,2003,4,822,10859,10733,10521,59516254,32113,0,0,0
274,22009,2003,3,806,10665,10787,11123,54772537,32575,0,0,0
273,22009,2003,2,819,10913,11029,11008,53723758,32950,0,0,0
272,22009,2003,1,821,10906,11011,11086,54177630,33003,0,0,0
271,22007,2003,4,329,5730,5695,5678,51430759,17103,1,0,0
284,22015,2003,1,2179,35411,35504,35712,221519359,106627,0,0,0
270,22007,2003,3,331,5626,5675,5695,44057270,16996,1,0,0
268,22007,2003,1,336,5696,5666,5726,43050592,17088,1,0,0
267,22005,2003,4,1824,29884,29893,29542,261431632,89319,0,0,0
266,22005,2003,3,1848,29023,29337,29751,234175662,88111,0,0,0
265,22005,2003,2,1850,29968,29974,30017,252456775,89959,0,0,0
264,22005,2003,1,1833,30003,30235,30156,254547745,90394,0,0,0
263,22003,2003,4,443,8859,8847,8863,54417158,26569,0,0,0
262,22003,2003,3,447,8812,8910,8866,53149424,26588,0,0,0
261,22003,2003,2,453,8824,8874,8963,51045680,26661,0,0,0
260,22003,2003,1,451,9031,9008,8937,53002444,26976,0,0,0
259,22001,2003,4,1113,13938,13905,13950,89342926,41793,1,0,0
258,22001,2003,3,1128,13893,13858,13979,82145147,41730,1,0,0
257,22001,2003,2,1121,14360,14375,14228,82226033,42963,1,0,0
256,22001,2003,1,1122,14115,13942,14071,81140021,42128,1,0,0
269,22007,2003,2,335,5867,5970,6127,43893402,17964,1,0,0
379,22061,2003,4,1014,17308,17290,17281,120465734,51879,0,0,0
285,22015,2003,2,2190,36082,36086,36302,226169417,108470,0,0,0
287,22015,2003,4,2194,36473,36826,36969,249284045,110268,0,0,0
315,22029,2003,4,415,5316,5173,5188,31281382,15677,0,0,0
314,22029,2003,3,425,5108,5155,5222,27940865,15485,0,0,0
313,22029,2003,2,433,5202,5279,5280,28079515,15761,0,0,0
312,22029,2003,1,431,4911,5016,5122,26451334,15049,0,0,0
311,22027,2003,4,307,4348,4402,4386,29206611,13136,0,0,0
310,22027,2003,3,306,4306,4388,4342,27656498,13036,0,0,0
309,22027,2003,2,305,4222,4285,4295,26333322,12802,0,0,0
308,22027,2003,1,305,4210,4249,4273,25842749,12732,0,0,0
307,22025,2003,4,244,2460,2400,2333,12505024,7193,0,0,0
306,22025,2003,3,248,2320,2296,2379,11578302,6995,0,0,0
305,22025,2003,2,245,2315,2328,2376,11373562,7019,0,0,0
304,22025,2003,1,243,2194,2177,2195,10351427,6566,0,0,0
303,22023,2003,4,241,3233,3041,3013,27309784,9287,1,0,0
286,22015,2003,3,2195,35652,35574,35545,228932975,106771,0,0,0
302,22023,2003,3,244,3270,3240,3193,25859143,9703,1,0,0
300,22023,2003,1,244,2967,2941,2925,22532534,8833,1,0,0
299,22021,2003,4,245,2442,2427,2439,14237112,7308,0,0,0
298,22021,2003,3,248,2447,2445,2434,12990273,7326,0,0,0
297,22021,2003,2,249,2508,2497,2524,13878417,7529,0,0,0
296,22021,2003,1,247,2414,2411,2437,12687690,7262,0,0,0
295,22019,2003,4,4519,81484,81891,82037,664677014,245412,1,0,0
294,22019,2003,3,4619,80543,81195,80286,617732157,242024,1,0,0
293,22019,2003,2,4645,81567,81569,82168,608383929,245304,1,0,0
292,22019,2003,1,4624,82510,82382,81787,612392441,246679,1,0,0
291,22017,2003,4,6974,120225,120875,121350,1016425949,362450,0,0,0
290,22017,2003,3,7108,114162,114559,120327,878052308,349048,0,0,0
289,22017,2003,2,7109,116435,118860,119481,924486267,354776,0,0,0
288,22017,2003,1,7061,117071,116946,117840,893340591,351857,0,0,0
301,22023,2003,2,245,3067,3269,3376,25191796,9712,1,0,0
380,22063,2003,1,1396,16745,16793,16776,93587060,50314,1,0,0
381,22063,2003,2,1418,17080,17263,17396,96921355,51739,1,0,0
382,22063,2003,3,1430,16884,17077,17179,98315601,51140,1,0,0
474,22109,2003,3,2958,49534,50106,49489,387158272,149129,1,0,0
473,22109,2003,2,2938,48840,49401,49802,383285588,148043,1,0,0
472,22109,2003,1,2911,48492,48704,48713,371474766,145909,1,0,0
471,22107,2003,4,169,1858,1694,1664,11394357,5216,0,0,0
470,22107,2003,3,169,1618,1724,1847,9556017,5189,0,0,0
469,22107,2003,2,166,1565,1617,1596,9102787,4778,0,0,0
468,22107,2003,1,168,1495,1479,1485,8149420,4459,0,0,0
467,22105,2003,4,2219,35909,35979,36062,230654654,107950,1,0,0
466,22105,2003,3,2266,35116,35594,35915,206735174,106625,1,0,0
465,22105,2003,2,2256,35593,35781,35587,203207263,106961,1,0,0
464,22105,2003,1,2243,34632,35015,35162,196424759,104809,1,0,0
463,22103,2003,4,5538,64175,64651,65136,468275912,193962,1,0,0
462,22103,2003,3,5612,62616,63041,63848,433748995,189505,1,0,0
475,22109,2003,4,2928,49917,49742,49303,415896171,148962,1,0,0
461,22103,2003,2,5589,63460,63800,64329,422206517,191589,1,0,0
459,22101,2003,4,1537,26170,26230,26073,230721212,78473,1,0,0
458,22101,2003,3,1583,26186,26337,26266,215567655,78789,1,0,0
457,22101,2003,2,1580,26407,26599,26760,216963699,79766,1,0,0
456,22101,2003,1,1574,25977,25912,26150,213335109,78039,1,0,0
455,22099,2003,4,795,10399,10294,10316,61672985,31009,0,0,0
454,22099,2003,3,799,10140,10160,10282,54217396,30582,0,0,0
453,22099,2003,2,793,10559,10574,10517,56102459,31650,0,0,0
452,22099,2003,1,793,10047,10028,10257,52214718,30332,0,0,0
451,22097,2003,4,1700,21661,21787,21846,150514885,65294,0,0,0
450,22097,2003,3,1712,21934,21907,22022,135192042,65863,0,0,0
449,22097,2003,2,1724,21751,21957,22132,134464121,65840,0,0,0
448,22097,2003,1,1709,21378,21303,21512,130915651,64193,0,0,0
447,22095,2003,4,764,12339,12355,12472,109320310,37166,1,0,0
460,22103,2003,1,5526,61714,62308,62727,413674523,186749,1,0,0
446,22095,2003,3,775,12540,12536,12412,95121840,37488,1,0,0
476,22111,2003,1,373,5988,5896,5921,30132751,17805,0,0,0
478,22111,2003,3,381,5925,5943,6021,30241206,17889,0,0,0
506,22125,2003,3,249,5604,5648,5666,51146677,16918,0,0,0
505,22125,2003,2,252,5774,5801,5810,55426992,17385,0,0,0
504,22125,2003,1,251,5611,5641,5744,57953815,16996,0,0,0
503,22123,2003,4,220,3246,2926,2849,15178220,9021,0,0,0
502,22123,2003,3,222,2754,2942,3068,13660941,8764,0,0,0
501,22123,2003,2,224,2826,3056,3020,14342944,8902,0,0,0
500,22123,2003,1,223,2658,2631,2659,12644328,7948,0,0,0
499,22121,2003,4,574,10037,10049,10114,83170415,30200,0,0,0
498,22121,2003,3,581,10138,10033,9988,76514552,30159,0,0,0
497,22121,2003,2,579,10171,10220,10236,78397633,30627,0,0,0
496,22121,2003,1,578,10464,10348,10246,83770300,31058,0,0,0
495,22119,2003,4,900,12434,12392,12538,82818850,37364,0,0,0
494,22119,2003,3,918,12183,12215,12262,76082511,36660,0,0,0
477,22111,2003,2,377,5903,5977,5969,31280003,17849,0,0,0
493,22119,2003,2,920,12058,12155,12308,78742443,36521,0,0,0
491,22117,2003,4,773,11085,11151,11340,71161371,33576,1,0,0
490,22117,2003,3,779,10866,10985,11070,65620709,32921,1,0,0
489,22117,2003,2,794,11070,11212,11168,67009909,33450,1,0,0
488,22117,2003,1,790,11305,11259,11271,63936018,33835,1,0,0
487,22115,2003,4,760,13080,13133,13171,82362818,39384,0,0,0
486,22115,2003,3,780,13069,13030,12882,79471604,38981,0,0,0
485,22115,2003,2,783,13030,13090,13255,96233827,39375,0,0,0
484,22115,2003,1,773,12480,12540,12672,77056605,37692,0,0,0
483,22113,2003,4,1128,13514,13259,13270,100059600,40043,1,0,0
482,22113,2003,3,1148,13337,13374,13496,97596220,40207,1,0,0
481,22113,2003,2,1140,13179,13526,13634,94265605,40339,1,0,0
480,22113,2003,1,1134,13074,13064,13110,93911510,39248,1,0,0
479,22111,2003,4,371,6108,6066,6088,32542216,18262,0,0,0
492,22119,2003,1,926,11988,11956,12029,73030250,35973,0,0,0
510,22127,2003,3,375,4873,4884,4899,31667215,14656,0,0,0
445,22095,2003,2,773,12468,12355,12470,105449247,37293,1,0,0
443,22093,2003,4,382,7172,7144,7140,70893050,21456,0,0,0
410,22077,2003,3,437,5189,5244,5232,28807144,15665,0,0,0
409,22077,2003,2,439,5185,5202,5224,32200960,15611,0,0,0
408,22077,2003,1,437,5335,5174,5178,31427861,15687,0,0,0
407,22075,2003,4,853,15537,15431,15347,156801082,46315,1,0,0
406,22075,2003,3,867,15283,15487,15501,152602635,46271,1,0,0
405,22075,2003,2,881,15381,15613,15631,147486112,46625,1,0,0
404,22075,2003,1,879,15469,15436,15497,152957718,46402,1,0,0
403,22073,2003,4,4424,71790,72198,72286,526912683,216274,0,0,0
402,22073,2003,3,4468,68937,69242,71957,468982351,210136,0,0,0
401,22073,2003,2,4482,71873,71793,72106,504789397,215772,0,0,0
400,22073,2003,1,4455,71304,71457,71834,482107651,214595,0,0,0
399,22071,2003,4,12399,249098,252260,251703,2336082125,753061,1,0,0
398,22071,2003,3,12834,249013,248352,249315,2170549601,746680,1,0,0
411,22077,2003,4,428,5552,5505,5448,35257954,16505,0,0,0
397,22071,2003,2,12909,254587,252530,253360,2177890399,760477,1,0,0
395,22069,2003,4,863,13481,13444,13711,87507463,40636,0,0,0
394,22069,2003,3,878,13256,13298,13491,77844113,40045,0,0,0
393,22069,2003,2,874,13534,13843,13561,81535545,40938,0,0,0
392,22069,2003,1,861,12880,13194,13276,77257137,39350,0,0,0
391,22067,2003,4,612,8524,8378,8176,59763372,25078,0,0,0
390,22067,2003,3,617,8142,8192,8314,55502350,24648,0,0,0
389,22067,2003,2,628,8191,8338,8270,54765134,24799,0,0,0
388,22067,2003,1,622,8022,8049,8146,55594642,24217,0,0,0
387,22065,2003,4,284,3706,3654,3627,21683987,10987,0,0,0
386,22065,2003,3,289,3520,3626,3672,20352989,10818,0,0,0
385,22065,2003,2,285,3752,3766,3803,21032638,11321,0,0,0
384,22065,2003,1,287,3701,3751,3793,19825385,11245,0,0,0
509,22127,2003,2,368,4790,4821,4888,30820032,14499,0,0,0
396,22071,2003,1,12760,248441,250261,250398,2210391051,749100,1,0,0
444,22095,2003,1,767,12619,12614,12555,106363237,37788,1,0,0
412,22079,2003,1,3336,55170,55332,55388,371722033,165890,0,0,0
414,22079,2003,3,3359,55333,55553,55557,380792877,166443,0,0,0
442,22093,2003,3,383,7056,7123,7113,64713979,21292,0,0,0
441,22093,2003,2,384,7093,7090,7233,62547643,21416,0,0,0
440,22093,2003,1,384,7133,7094,7127,65391311,21354,0,0,0
439,22091,2003,4,104,1481,1507,1505,8719311,4493,0,0,0
438,22091,2003,3,106,1411,1460,1462,7670413,4333,0,0,0
437,22091,2003,2,106,1460,1432,1438,7915270,4330,0,0,0
436,22091,2003,1,106,1453,1451,1448,7501555,4352,0,0,0
435,22089,2003,4,1027,21601,21428,21486,237757297,64515,1,0,0
434,22089,2003,3,1035,21027,21311,21506,216829524,63844,1,0,0
433,22089,2003,2,1029,21214,21296,21373,217216742,63883,1,0,0
432,22089,2003,1,1026,21129,21338,21109,237364297,63576,1,0,0
431,22087,2003,4,1244,17007,17051,17063,129368930,51121,1,0,0
430,22087,2003,3,1278,17200,17280,17149,121486935,51629,1,0,0
413,22079,2003,2,3355,55164,55609,55802,386039848,166575,0,0,0
429,22087,2003,2,1272,17297,17336,17293,120687029,51926,1,0,0
427,22085,2003,4,498,5575,5550,5563,35370723,16688,0,0,0
426,22085,2003,3,508,5563,5535,5563,31156557,16661,0,0,0
425,22085,2003,2,503,5537,5624,5527,31110218,16688,0,0,0
424,22085,2003,1,503,5461,5506,5578,30883147,16545,0,0,0
423,22083,2003,4,494,6105,5997,5885,34860079,17987,0,0,0
422,22083,2003,3,499,5993,6052,6056,31402445,18101,0,0,0
421,22083,2003,2,498,5904,5907,5945,31691771,17756,0,0,0
420,22083,2003,1,493,5759,5719,5817,29881589,17295,0,0,0
419,22081,2003,4,189,2573,2557,2517,15814172,7647,0,0,0
418,22081,2003,3,195,2489,2510,2528,14569717,7527,0,0,0
417,22081,2003,2,193,2506,2505,2495,14240968,7506,0,0,0
416,22081,2003,1,195,2466,2465,2490,13502653,7421,0,0,0
415,22079,2003,4,3325,55909,56246,56425,420954756,168580,0,0,0
428,22087,2003,1,1263,16842,16974,17022,114995214,50838,1,0,0
507,22125,2003,4,246,5646,5664,5641,55457328,16951,0,0,0
511,22127,2003,4,367,4981,4998,5030,32517812,15009,0,0,0
508,22127,2003,1,370,4857,4872,4891,28772494,14620,0,0,0
860,22047,2004,1,656,14195,14330,14275,161277849,42800,0,0,0
859,22045,2004,4,1838,31075,31062,31118,271228373,93255,1,0,0
858,22045,2004,3,1831,30736,31151,30734,240859325,92621,1,0,0
857,22045,2004,2,1827,30696,30947,31335,239648400,92978,1,0,0
856,22045,2004,1,1810,30453,30307,30696,229975796,91456,1,0,0
855,22043,2004,4,228,3240,3299,3332,22713207,9871,0,0,0
854,22043,2004,3,221,3075,3115,3194,21280793,9384,0,0,0
853,22043,2004,2,220,3123,3131,3112,20736905,9366,0,0,0
852,22043,2004,1,221,3112,3080,3070,19749004,9262,0,0,0
851,22041,2004,4,445,5633,5442,5427,30145040,16502,0,0,0
850,22041,2004,3,448,5421,5363,5644,27226792,16428,0,0,0
849,22041,2004,2,449,5410,5518,5682,27556867,16610,0,0,0
848,22041,2004,1,446,5128,5177,5292,25120259,15597,0,0,0
847,22039,2004,4,635,7713,7685,7742,49483653,23140,0,0,0
846,22039,2004,3,634,7630,7773,7736,44300443,23139,0,0,0
845,22039,2004,2,641,7683,7705,7689,45259888,23077,0,0,0
844,22039,2004,1,633,7493,7537,7695,42777990,22725,0,0,0
843,22037,2004,4,305,5227,5233,5249,38877678,15709,0,0,0
842,22037,2004,3,308,5178,5274,5295,34148910,15747,0,0,0
841,22037,2004,2,302,5216,5200,5181,37535675,15597,0,0,0
840,22037,2004,1,298,5103,5114,5128,33000357,15345,0,0,0
839,22035,2004,4,209,2271,2183,2063,12953023,6517,0,0,0
838,22035,2004,3,209,2122,2182,2207,11628699,6511,0,0,0
837,22035,2004,2,207,2118,2115,2110,11041782,6343,0,0,0
836,22035,2004,1,208,2025,2051,2128,10694292,6204,0,0,0
835,22033,2004,4,13087,245809,248593,249258,2218024563,743660,1,0,0
834,22033,2004,3,13075,243626,244447,245203,1975653710,733276,1,0,0
861,22047,2004,2,657,13976,13908,13842,140546398,41726,0,0,0
862,22047,2004,3,667,13871,13863,13715,137892433,41449,0,0,0
863,22047,2004,4,663,13784,13729,13749,149727954,41262,0,0,0
864,22049,2004,1,309,3598,3594,3590,25214325,10782,0,0,0
892,22063,2004,1,1432,17515,17593,17659,100960259,52767,1,0,0
891,22061,2004,4,1052,17472,17766,17732,125063008,52970,0,0,0
890,22061,2004,3,1047,17540,17421,17779,115801013,52740,0,0,0
889,22061,2004,2,1027,17576,17798,17555,117382444,52929,0,0,0
888,22061,2004,1,1024,17215,17341,17547,114239404,52103,0,0,0
887,22059,2004,4,321,3611,3611,3615,21631814,10837,0,0,0
886,22059,2004,3,322,3698,3626,3623,20808281,10947,0,0,0
885,22059,2004,2,325,3636,3672,3721,20149536,11029,0,0,0
884,22059,2004,1,322,3582,3517,3562,20139353,10661,0,0,0
883,22057,2004,4,1995,32400,32454,32935,272975226,97789,1,0,0
882,22057,2004,3,1999,33381,33153,33369,249759441,99903,1,0,0
881,22057,2004,2,1987,33185,33111,33023,252384314,99319,1,0,0
880,22057,2004,1,1974,32611,32355,32704,244669327,97670,1,0,0
833,22033,2004,2,12950,247034,246095,247530,1967660469,740659,1,0,0
879,22055,2004,4,7600,120005,120810,121457,1125865506,362272,0,0,0
877,22055,2004,2,7509,118104,118586,119017,969043412,355707,0,0,0
876,22055,2004,1,7506,116191,116673,117427,949691646,350291,0,0,0
875,22053,2004,4,700,8104,8154,8144,50160276,24402,0,0,0
874,22053,2004,3,692,7950,7949,7884,45450906,23783,0,0,0
873,22053,2004,2,684,7950,8004,8139,44070221,24093,0,0,0
872,22053,2004,1,684,7883,7861,8000,44331267,23744,0,0,0
871,22051,2004,4,13978,212926,215289,215126,1925789559,643341,1,0,0
870,22051,2004,3,13980,214885,212389,210955,1688993320,638229,1,0,0
869,22051,2004,2,13950,213362,214280,214114,1662344712,641756,1,0,0
868,22051,2004,1,13731,211586,212209,212485,1665498797,636280,1,0,0
867,22049,2004,4,314,3589,3601,3538,27218601,10728,0,0,0
866,22049,2004,3,315,3633,3646,3682,27327524,10961,0,0,0
865,22049,2004,2,309,3659,3824,3713,25608244,11196,0,0,0
878,22055,2004,3,7588,117697,118590,118423,977258127,354710,0,0,0
832,22033,2004,1,12866,241941,243061,246781,2015429737,731783,1,0,0
831,22031,2004,4,435,6140,6115,6120,50370573,18375,0,0,0
830,22031,2004,3,432,6096,6468,6185,47356372,18749,0,0,0
797,22015,2004,2,2234,37344,37425,37312,250229013,112081,0,0,0
796,22015,2004,1,2225,36478,36811,37220,233793245,110509,0,0,0
795,22013,2004,4,303,4200,4283,4398,30055998,12881,0,0,0
794,22013,2004,3,305,3935,3990,4084,27663590,12009,0,0,0
793,22013,2004,2,304,3902,3939,3987,26785602,11828,0,0,0
792,22013,2004,1,295,3946,3915,3975,26657162,11836,0,0,0
791,22011,2004,4,651,8375,8353,8513,68226113,25241,0,0,0
790,22011,2004,3,646,8155,8232,8344,61836285,24731,0,0,0
789,22011,2004,2,644,8421,8485,8407,60256171,25313,0,0,0
788,22011,2004,1,639,8529,8484,8349,61333089,25362,0,0,0
787,22009,2004,4,846,10931,10837,10765,60190309,32533,0,0,0
786,22009,2004,3,840,10697,10738,10897,55556179,32332,0,0,0
785,22009,2004,2,835,10953,10964,10836,54258508,32753,0,0,0
798,22015,2004,3,2263,37065,36908,37113,246671458,111086,0,0,0
784,22009,2004,1,832,10437,10506,10683,53797939,31626,0,0,0
782,22007,2004,3,336,5523,5462,5392,43321280,16377,1,0,0
781,22007,2004,2,341,5625,5608,5593,46486300,16826,1,0,0
780,22007,2004,1,335,5556,5544,5650,45805144,16750,1,0,0
779,22005,2004,4,1901,29011,29481,29623,270670930,88115,0,0,0
778,22005,2004,3,1889,29052,28927,29144,246837469,87123,0,0,0
777,22005,2004,2,1870,29770,29867,29660,253126649,89297,0,0,0
776,22005,2004,1,1845,29665,29779,29724,257250646,89168,0,0,0
775,22003,2004,4,438,8420,8453,8447,53963479,25320,0,0,0
774,22003,2004,3,439,8492,8538,8524,55250628,25554,0,0,0
773,22003,2004,2,438,8674,8655,8626,51591883,25955,0,0,0
772,22003,2004,1,437,8665,8684,8767,52964731,26116,0,0,0
771,22001,2004,4,1123,14056,13996,14042,94936895,42094,1,0,0
770,22001,2004,3,1130,13930,14115,14007,84979571,42052,1,0,0
783,22007,2004,4,335,5037,4989,5000,41451646,15026,1,0,0
893,22063,2004,2,1448,18002,17989,18116,107563404,54107,1,0,0
799,22015,2004,4,2283,37341,37671,37888,269027069,112900,0,0,0
801,22017,2004,2,6970,120069,121001,121647,994339966,362717,0,0,0
829,22031,2004,2,421,6161,6155,6141,45115792,18457,0,0,0
828,22031,2004,1,423,6139,6182,6115,47832936,18436,0,0,0
827,22029,2004,4,432,5366,5304,5300,33352411,15970,0,0,0
826,22029,2004,3,427,5308,5318,5393,30035892,16019,0,0,0
825,22029,2004,2,423,5300,5287,5370,30100727,15957,0,0,0
824,22029,2004,1,422,5127,5133,5299,28554509,15559,0,0,0
823,22027,2004,4,305,4499,4546,4537,33017285,13582,0,0,0
822,22027,2004,3,305,4470,4520,4489,29792632,13479,0,0,0
821,22027,2004,2,306,4383,4393,4397,28544927,13173,0,0,0
820,22027,2004,1,299,4306,4320,4334,27350833,12960,0,0,0
819,22025,2004,4,255,2544,2487,2430,13221483,7461,0,0,0
818,22025,2004,3,254,2434,2539,2559,12265279,7532,0,0,0
817,22025,2004,2,252,2381,2392,2409,12094727,7182,0,0,0
800,22017,2004,1,6898,117584,117946,119185,934181049,354715,0,0,0
816,22025,2004,1,251,2341,2338,2394,11418988,7073,0,0,0
814,22023,2004,3,226,3000,2970,2961,22985107,8931,1,0,0
813,22023,2004,2,236,2938,3072,3105,23124260,9115,1,0,0
812,22023,2004,1,238,2817,2776,2789,20771172,8382,1,0,0
811,22021,2004,4,244,2369,2385,2369,14605515,7123,0,0,0
810,22021,2004,3,246,2426,2405,2418,13629953,7249,0,0,0
809,22021,2004,2,245,2447,2458,2459,13476969,7364,0,0,0
808,22021,2004,1,241,2402,2414,2401,13340307,7217,0,0,0
807,22019,2004,4,4633,82402,83057,83467,718054263,248926,1,0,0
806,22019,2004,3,4619,81453,82054,81007,634968618,244514,1,0,0
805,22019,2004,2,4595,81954,81304,81975,622076896,245233,1,0,0
804,22019,2004,1,4567,81142,81281,81916,654675236,244339,1,0,0
803,22017,2004,4,7062,121716,122376,122972,1074690052,367064,0,0,0
802,22017,2004,3,7019,116070,116292,122084,939590865,354446,0,0,0
815,22023,2004,4,229,2970,2810,2813,24595180,8593,1,0,0
894,22063,2004,3,1469,17752,17709,17724,110326111,53185,1,0,0
1021,22127,2004,2,369,4915,4881,4906,30636388,14702,0,0,0
896,22065,2004,1,281,3598,3631,3649,19436982,10878,0,0,0
988,22111,2004,1,373,5947,5958,5967,30158976,17872,0,0,0
987,22109,2004,4,2997,48989,49297,49612,425430165,147898,1,0,0
986,22109,2004,3,2994,49304,49406,48531,389371727,147241,1,0,0
985,22109,2004,2,2969,49371,49247,49643,388512553,148261,1,0,0
984,22109,2004,1,2951,48155,48463,48782,374023986,145400,1,0,0
983,22107,2004,4,169,1671,1641,1599,10817880,4911,0,0,0
982,22107,2004,3,171,1548,1569,1699,9716318,4816,0,0,0
981,22107,2004,2,169,1527,1519,1557,9085402,4603,0,0,0
980,22107,2004,1,169,1489,1487,1516,9517216,4492,0,0,0
979,22105,2004,4,2285,37253,37301,37266,254875426,111820,1,0,0
978,22105,2004,3,2267,36063,36548,36794,220080048,109405,1,0,0
977,22105,2004,2,2238,36367,36464,36236,221942405,109067,1,0,0
976,22105,2004,1,2223,35464,35740,35954,208746516,107158,1,0,0
989,22111,2004,2,372,5799,5821,5882,31359233,17502,0,0,0
975,22103,2004,4,5949,66996,67624,68386,530129214,203006,1,0,0
973,22103,2004,2,5779,66549,66823,67511,459631962,200883,1,0,0
972,22103,2004,1,5669,65498,65717,66206,447076560,197421,1,0,0
971,22101,2004,4,1549,24706,24822,24946,229721400,74474,1,0,0
970,22101,2004,3,1549,24754,24520,24494,207267765,73768,1,0,0
969,22101,2004,2,1567,25441,25241,25260,208515080,75942,1,0,0
968,22101,2004,1,1553,25708,25621,25657,214553996,76986,1,0,0
967,22099,2004,4,826,10119,10093,10197,63051378,30409,0,0,0
966,22099,2004,3,827,10084,9863,9864,56702126,29811,0,0,0
965,22099,2004,2,823,10274,10262,10346,56932346,30882,0,0,0
964,22099,2004,1,811,9899,9993,10234,53368108,30126,0,0,0
963,22097,2004,4,1724,22750,22904,23001,164025337,68655,0,0,0
962,22097,2004,3,1723,22874,22798,22942,150965430,68614,0,0,0
961,22097,2004,2,1718,22621,22707,23282,148993017,68610,0,0,0
974,22103,2004,3,5863,65608,65841,66537,465570662,197986,1,0,0
960,22097,2004,1,1708,22177,22132,22363,141652684,66672,0,0,0
990,22111,2004,3,372,5906,5951,5870,32191069,17727,0,0,0
992,22113,2004,1,1149,12834,12898,13047,94518699,38779,1,0,0
1020,22127,2004,1,364,4964,4955,4977,30272243,14896,0,0,0
1019,22125,2004,4,237,5723,5766,5742,60217782,17231,0,0,0
1018,22125,2004,3,238,5548,5567,5539,52847916,16654,0,0,0
1017,22125,2004,2,237,5647,5666,5747,53464495,17060,0,0,0
1016,22125,2004,1,236,5597,5568,5587,60939218,16752,0,0,0
1015,22123,2004,4,220,3292,2946,2821,16056066,9059,0,0,0
1014,22123,2004,3,217,2866,2949,3129,15200666,8944,0,0,0
1013,22123,2004,2,216,2855,3005,3139,14840801,8999,0,0,0
1012,22123,2004,1,214,2666,2670,2749,12882474,8085,0,0,0
1011,22121,2004,4,578,9966,10066,9951,86552025,29983,0,0,0
1010,22121,2004,3,574,10034,9994,9931,79177302,29959,0,0,0
1009,22121,2004,2,568,9874,9841,9991,78303318,29706,0,0,0
1008,22121,2004,1,568,9916,9947,10088,82967544,29951,0,0,0
991,22111,2004,4,375,5799,5682,5723,33971526,17204,0,0,0
1007,22119,2004,4,911,12730,12807,12738,90508817,38275,0,0,0
1005,22119,2004,2,913,12545,12572,12660,84920794,37777,0,0,0
1004,22119,2004,1,908,12308,12361,12461,80255263,37130,0,0,0
1003,22117,2004,4,773,10805,10836,10989,72533358,32630,1,0,0
1002,22117,2004,3,777,10648,10663,10720,66460059,32031,1,0,0
1001,22117,2004,2,765,10866,10921,10883,68046893,32670,1,0,0
1000,22117,2004,1,758,10785,10743,10855,64341471,32383,1,0,0
999,22115,2004,4,798,14535,14693,14757,98509840,43985,0,0,0
998,22115,2004,3,776,13655,13832,13849,87974299,41336,0,0,0
997,22115,2004,2,762,13765,13708,13967,85167978,41440,0,0,0
996,22115,2004,1,758,13529,13653,13795,84491345,40977,0,0,0
995,22113,2004,4,1156,13432,13253,13317,105433444,40002,1,0,0
994,22113,2004,3,1154,13338,13451,13532,100706969,40321,1,0,0
993,22113,2004,2,1146,13297,13475,13627,96000345,40399,1,0,0
1006,22119,2004,3,911,12527,12588,12610,83654938,37725,0,0,0
1022,22127,2004,3,366,4852,4890,4927,32757181,14669,0,0,0
959,22095,2004,4,788,12977,12979,13024,113339943,38980,1,0,0
957,22095,2004,2,769,12472,12511,12797,107324979,37780,1,0,0
924,22079,2004,1,3359,55388,55569,56222,382645583,167179,0,0,0
923,22077,2004,4,432,5496,5551,5554,37676325,16601,0,0,0
922,22077,2004,3,434,5377,5382,5462,31427266,16221,0,0,0
921,22077,2004,2,429,5297,5381,5391,35249293,16069,0,0,0
920,22077,2004,1,425,5218,5173,5202,32114523,15593,0,0,0
919,22075,2004,4,856,15289,15352,15401,166880726,46042,1,0,0
918,22075,2004,3,853,15155,15018,15083,150453056,45256,1,0,0
917,22075,2004,2,850,15551,15379,15390,148361826,46320,1,0,0
916,22075,2004,1,846,14965,14973,15568,156380649,45506,1,0,0
915,22073,2004,4,4491,71039,71176,71394,544036818,213609,0,0,0
914,22073,2004,3,4467,68885,69369,71415,488974697,209669,0,0,0
913,22073,2004,2,4426,71835,71924,72202,503155096,215961,0,0,0
912,22073,2004,1,4410,71069,71251,71777,484926394,214097,0,0,0
925,22079,2004,2,3378,56750,56993,57519,413409331,171262,0,0,0
911,22071,2004,4,12612,246084,248713,247804,2440098905,742601,1,0,0
909,22071,2004,2,12504,249941,249366,250482,2192342421,749789,1,0,0
908,22071,2004,1,12314,244783,247343,249358,2334805441,741484,1,0,0
907,22069,2004,4,914,13969,14105,14150,96040028,42224,0,0,0
906,22069,2004,3,908,14076,14180,14166,83989244,42422,0,0,0
905,22069,2004,2,899,14427,14562,14537,86788469,43526,0,0,0
904,22069,2004,1,889,13614,13853,14047,82129224,41514,0,0,0
903,22067,2004,4,610,7757,7662,7578,56384166,22997,0,0,0
902,22067,2004,3,615,7577,7491,7578,53277397,22646,0,0,0
901,22067,2004,2,608,7627,7678,7670,52556131,22975,0,0,0
900,22067,2004,1,619,7444,7496,7595,49786162,22535,0,0,0
899,22065,2004,4,288,3427,3426,3434,21295233,10287,0,0,0
898,22065,2004,3,286,3365,3391,3421,18679031,10177,0,0,0
897,22065,2004,2,289,3477,3467,3457,19833677,10401,0,0,0
910,22071,2004,3,12554,243986,245403,243852,2151051614,733241,1,0,0
958,22095,2004,3,784,13067,13006,12874,101445500,38947,1,0,0
926,22079,2004,3,3409,56747,57435,57644,409711496,171826,0,0,0
928,22081,2004,1,185,2375,2400,2384,14244564,7159,0,0,0
956,22095,2004,1,758,12080,12211,12375,104138705,36666,1,0,0
955,22093,2004,4,385,6848,6938,6983,71140698,20769,0,0,0
954,22093,2004,3,386,7083,7157,7068,67763612,21308,0,0,0
953,22093,2004,2,384,6999,6933,7044,61494568,20976,0,0,0
952,22093,2004,1,380,6920,6990,7022,65541298,20932,0,0,0
951,22091,2004,4,106,1535,1525,1514,9365805,4574,0,0,0
950,22091,2004,3,104,1500,1537,1554,8331415,4591,0,0,0
949,22091,2004,2,106,1508,1504,1547,8498047,4559,0,0,0
948,22091,2004,1,108,1612,1607,1625,8344449,4844,0,0,0
947,22089,2004,4,1031,22785,22764,22877,267179967,68426,1,0,0
946,22089,2004,3,1042,22142,22118,22348,235732854,66608,1,0,0
945,22089,2004,2,1031,22991,22590,22488,238801062,68069,1,0,0
944,22089,2004,1,1032,23124,22795,22699,272685460,68618,1,0,0
927,22079,2004,4,3425,57492,58242,58601,455931170,174335,0,0,0
943,22087,2004,4,1273,17383,17555,17626,134246481,52564,1,0,0
941,22087,2004,2,1270,17543,17429,17340,124296909,52312,1,0,0
940,22087,2004,1,1254,17085,17268,17322,119832203,51675,1,0,0
939,22085,2004,4,513,5658,5614,5631,37297418,16903,0,0,0
938,22085,2004,3,506,5583,5591,5583,32337588,16757,0,0,0
937,22085,2004,2,500,5602,5583,5563,32042930,16748,0,0,0
936,22085,2004,1,496,5529,5484,5577,31776737,16590,0,0,0
935,22083,2004,4,504,6013,5968,5850,37156652,17831,0,0,0
934,22083,2004,3,503,5837,5899,5974,33496686,17710,0,0,0
933,22083,2004,2,498,5705,5718,5777,31846547,17200,0,0,0
932,22083,2004,1,495,5618,5616,5693,29949144,16927,0,0,0
931,22081,2004,4,184,2359,2355,2426,15118374,7140,0,0,0
930,22081,2004,3,183,2331,2333,2359,14238058,7023,0,0,0
929,22081,2004,2,182,2487,2369,2356,14038342,7212,0,0,0
942,22087,2004,3,1276,17351,17328,17404,120807518,52083,1,0,0
895,22063,2004,4,1478,17940,18021,18411,120354764,54372,1,0,0
768,22001,2004,1,1112,13651,13711,13926,83532192,41288,1,0,0
1023,22127,2004,4,372,4887,4897,4925,34011038,14709,0,0,0
769,22001,2004,2,1131,14153,14097,14101,86182677,42351,1,0,0
1276,22127,2005,1,367,5016,5008,5036,31212189,15060,0,0,0
1184,22081,2005,1,183,2156,2109,2107,12453166,6372,0,0,0
1185,22081,2005,2,180,2091,2111,2116,12889925,6318,0,0,0
1186,22081,2005,3,183,2127,2112,2143,13186130,6382,0,0,0
1187,22081,2005,4,191,2195,2136,2126,13459440,6457,0,1,0
1188,22083,2005,1,508,5707,5727,5773,32115157,17207,0,0,0
1189,22083,2005,2,514,5854,5839,5886,33794748,17579,0,0,0
1190,22083,2005,3,509,5877,5883,6095,34766046,17855,0,0,0
1191,22083,2005,4,510,6070,6071,5913,38636273,18054,0,1,0
1192,22085,2005,1,517,5521,5494,5549,31665822,16564,0,0,0
1193,22085,2005,2,520,5596,5615,5619,33452432,16830,0,0,0
1194,22085,2005,3,523,5587,5580,5583,34426625,16750,0,0,0
1195,22085,2005,4,525,5602,5524,5532,37107943,16658,0,1,0
1196,22087,2005,1,1283,17090,17213,17307,120142381,51610,1,0,0
1183,22079,2005,4,3530,59886,60481,60653,484884178,181020,0,1,0
1197,22087,2005,2,1291,17196,17533,17817,126934907,52546,1,0,0
1199,22087,2005,4,1178,5973,5866,6123,72852825,17962,1,1,1
1200,22089,2005,1,1048,22618,22503,22738,274014294,67859,1,0,0
1201,22089,2005,2,1056,22826,22676,22398,249833148,67900,1,0,0
1202,22089,2005,3,1056,22455,22411,22827,258992417,67693,1,0,0
1203,22089,2005,4,1075,22805,22086,21924,276039190,66815,1,1,1
1204,22091,2005,1,108,1453,1460,1478,8317422,4391,0,0,0
1205,22091,2005,2,107,1466,1465,1441,8836055,4372,0,0,0
1206,22091,2005,3,106,1454,1479,1501,9239640,4434,0,0,0
1207,22091,2005,4,107,1464,1459,1435,9053768,4358,0,1,0
1208,22093,2005,1,392,7186,7191,7243,80493107,21620,0,0,0
1209,22093,2005,2,391,7254,7292,7501,77859170,22047,0,0,0
1210,22093,2005,3,398,7426,7561,7409,77580086,22396,0,0,0
1211,22093,2005,4,391,7183,7067,7018,80164295,21268,0,1,0
1198,22087,2005,3,1291,17432,17483,10790,122749203,45705,1,0,0
1212,22095,2005,1,797,12777,12760,12832,115771650,38369,1,0,0
1182,22079,2005,3,3519,59021,59435,60136,454895884,178592,0,0,0
1180,22079,2005,1,3448,57754,57564,57752,408436479,173070,0,0,0
1152,22065,2005,1,288,3334,3347,3376,17563355,10057,0,0,0
1153,22065,2005,2,292,3409,3541,3513,20183168,10463,0,0,0
1154,22065,2005,3,295,3476,3495,3354,19714911,10325,0,0,0
1155,22065,2005,4,297,3584,3591,3589,21312164,10764,0,1,0
1156,22067,2005,1,605,7352,7310,7475,50301031,22137,0,0,0
1157,22067,2005,2,610,7548,7593,7591,50888768,22732,0,0,0
1158,22067,2005,3,608,7385,7341,7678,56581777,22404,0,0,0
1159,22067,2005,4,610,7555,7417,7241,52425208,22213,0,1,0
1160,22069,2005,1,913,13865,14077,14285,88670413,42227,0,0,0
1161,22069,2005,2,923,14526,14547,14489,94815808,43562,0,0,0
1162,22069,2005,3,926,13999,14157,14528,92324393,42684,0,0,0
1163,22069,2005,4,935,14469,14672,14603,99636552,43744,0,1,0
1164,22071,2005,1,12744,240390,240935,243059,2302579121,724384,1,0,0
1181,22079,2005,2,3483,58559,58908,58877,437347978,176344,0,0,0
1165,22071,2005,2,12877,243894,243318,246016,2198685546,733228,1,0,0
1167,22071,2005,4,12463,142977,142917,146758,1838833102,432652,1,1,1
1168,22073,2005,1,4528,69510,69814,70452,497585692,209776,0,0,0
1169,22073,2005,2,4587,70580,70818,70694,523460304,212092,0,0,0
1170,22073,2005,3,4642,68676,68628,71086,521647020,208390,0,0,0
1171,22073,2005,4,4765,71326,71650,71936,555944653,214912,0,1,0
1172,22075,2005,1,863,15059,15216,15287,161190769,45562,1,0,0
1173,22075,2005,2,869,15321,15465,15564,156988339,46350,1,0,0
1174,22075,2005,3,869,15219,15237,12835,156872754,43291,1,0,0
1175,22075,2005,4,866,13444,13409,13400,168204815,40253,1,1,1
1176,22077,2005,1,434,5214,5274,5298,33960665,15786,0,0,0
1177,22077,2005,2,441,5372,5415,5494,34731315,16281,0,0,0
1178,22077,2005,3,442,5504,5515,5588,32304318,16607,0,0,0
1179,22077,2005,4,450,5623,5609,5605,40222030,16837,0,1,0
1166,22071,2005,3,12850,240981,240530,177660,2129862308,659171,1,0,0
1277,22127,2005,2,372,5032,5053,5118,34555336,15203,0,0,0
1213,22095,2005,2,809,12861,12857,13083,119171814,38801,1,0,0
1215,22095,2005,4,813,13068,13440,13445,128030672,39953,1,1,1
1248,22113,2005,1,1162,12878,12861,13030,96380170,38769,1,0,0
1249,22113,2005,2,1177,13224,13416,13568,98482224,40208,1,0,0
1250,22113,2005,3,1182,13224,13241,13378,102940248,39843,1,0,0
1251,22113,2005,4,1179,13432,13360,13454,109209540,40246,1,1,1
1252,22115,2005,1,800,14228,14445,14553,96667985,43226,0,0,0
1253,22115,2005,2,814,14823,14922,15007,102133241,44752,0,0,0
1254,22115,2005,3,830,14761,14738,15094,102316572,44593,0,0,0
1255,22115,2005,4,839,15260,14873,14785,104603245,44918,0,1,0
1256,22117,2005,1,770,10482,10474,10568,66260498,31524,1,0,0
1257,22117,2005,2,771,10569,10679,10671,71407836,31919,1,0,0
1258,22117,2005,3,769,10769,10834,10389,72820146,31992,1,0,0
1259,22117,2005,4,778,10197,10425,10618,75378496,31240,1,1,1
1260,22119,2005,1,911,12681,12580,12564,84905802,37825,0,0,0
1247,22111,2005,4,400,5749,5715,5727,35996689,17191,0,1,0
1261,22119,2005,2,911,12828,12925,13101,94463325,38854,0,0,0
1263,22119,2005,4,908,13136,13249,13094,99184073,39479,0,1,0
1264,22121,2005,1,594,9402,9345,9409,75381107,28156,0,0,0
1265,22121,2005,2,584,9619,9655,9516,78585779,28790,0,0,0
1266,22121,2005,3,590,9848,9713,9984,79330908,29545,0,0,0
1267,22121,2005,4,595,9871,9892,9905,91268590,29668,0,1,0
1268,22123,2005,1,217,2615,2611,2699,13163729,7925,0,0,0
1269,22123,2005,2,217,2893,3057,3110,15552815,9060,0,0,0
1270,22123,2005,3,220,2728,2954,3334,16575613,9016,0,0,0
1271,22123,2005,4,221,3330,3549,3608,31374522,10487,0,1,0
1272,22125,2005,1,238,5654,5613,5616,55622720,16883,0,0,0
1273,22125,2005,2,242,5784,5831,5741,56685469,17356,0,0,0
1274,22125,2005,3,244,5489,5453,5563,57523289,16505,0,0,0
1275,22125,2005,4,246,5503,5489,5501,57397222,16493,0,1,0
1262,22119,2005,3,910,12968,13226,13095,93763524,39289,0,0,0
1278,22127,2005,3,376,5228,5295,5335,37222637,15858,0,0,0
1246,22111,2005,3,393,5714,5719,5833,33775430,17266,0,0,0
1244,22111,2005,1,382,5733,5719,5805,29086440,17257,0,0,0
1216,22097,2005,1,1737,23473,23391,23771,155579504,70635,0,0,0
1217,22097,2005,2,1752,23901,24045,24693,161337221,72639,0,0,0
1218,22097,2005,3,1759,24548,24241,24401,167519812,73190,0,0,0
1219,22097,2005,4,1771,24123,24331,24248,180993121,72702,0,1,0
1220,22099,2005,1,839,10080,10253,10516,57363772,30849,0,0,0
1221,22099,2005,2,846,10677,10611,10616,60118424,31904,0,0,0
1222,22099,2005,3,854,10059,9984,10078,59289547,30121,0,0,0
1223,22099,2005,4,855,10001,10097,10081,67003149,30179,0,1,0
1224,22101,2005,1,1558,24440,24625,24681,213157884,73746,1,0,0
1225,22101,2005,2,1568,24783,25129,25349,216957716,75261,1,0,0
1226,22101,2005,3,1581,25552,25528,25666,229074316,76746,1,0,0
1227,22101,2005,4,1591,25921,26445,26622,259288557,78988,1,1,1
1228,22103,2005,1,6107,66954,66910,67640,487202229,201504,1,0,0
1245,22111,2005,2,394,5829,5864,5845,32443868,17538,0,0,0
1229,22103,2005,2,6239,68207,68931,69438,516663599,206576,1,0,0
1231,22103,2005,4,6382,60188,62758,64643,553676568,187589,1,1,1
1232,22105,2005,1,2347,36357,36776,37289,220468001,110422,1,0,0
1233,22105,2005,2,2385,37719,37760,37495,235953088,112974,1,0,0
1234,22105,2005,3,2415,37414,37849,37844,241872797,113107,1,0,0
1235,22105,2005,4,2453,38305,38795,39024,273572291,116124,1,1,1
1236,22107,2005,1,168,1410,1410,1425,8235353,4245,0,0,0
1237,22107,2005,2,167,1449,1449,1457,8476865,4355,0,0,0
1238,22107,2005,3,165,1451,1470,1622,9736699,4543,0,0,0
1239,22107,2005,4,163,1583,1477,1447,10414798,4507,0,1,0
1240,22109,2005,1,3016,49047,49177,49933,389262393,148157,1,0,0
1241,22109,2005,2,3019,50904,51017,51682,420068413,153603,1,0,0
1242,22109,2005,3,3028,50778,50929,50412,423678578,152119,1,0,0
1243,22109,2005,4,3064,50562,50831,51549,478779800,152942,1,1,1
1230,22103,2005,3,6291,67959,68400,57822,505882438,194181,1,0,0
1214,22095,2005,3,804,13150,13027,12790,114423999,38967,1,0,0
1151,22063,2005,4,1606,19849,19938,20063,146347351,59850,1,1,1
1149,22063,2005,2,1561,19816,19603,19735,129234737,59154,1,0,0
1056,22017,2005,1,7047,120708,120984,122209,939757973,363901,0,0,0
1057,22017,2005,2,7100,122753,123798,123509,1023361473,370060,0,0,0
1058,22017,2005,3,7165,117769,117934,124476,1006904780,360179,0,0,0
1059,22017,2005,4,7263,125103,125981,126222,1125614233,377306,0,1,0
1060,22019,2005,1,4685,81655,82126,82648,682941138,246429,1,0,0
1061,22019,2005,2,4741,83892,85924,86391,670146489,256207,1,0,0
1062,22019,2005,3,4770,85532,85599,85024,725340860,256155,1,0,0
1063,22019,2005,4,4793,81042,83786,84481,753414930,249309,1,1,1
1064,22021,2005,1,242,2413,2339,2389,13455064,7141,0,0,0
1065,22021,2005,2,247,2462,2481,2490,14560527,7433,0,0,0
1066,22021,2005,3,252,2504,2499,2558,15149860,7561,0,0,0
1067,22021,2005,4,249,2430,2461,2556,15595364,7447,0,1,0
1068,22023,2005,1,227,2735,2716,2726,20928275,8177,1,0,0
1055,22015,2005,4,2384,39755,39945,40161,291943788,119861,0,1,0
1069,22023,2005,2,234,2894,3019,3072,23440400,8985,1,0,0
1071,22023,2005,4,222,2444,2290,2265,24632208,6999,1,1,1
1072,22025,2005,1,250,2333,2317,2345,11778054,6995,0,0,0
1073,22025,2005,2,249,2451,2418,2445,12905098,7314,0,0,0
1074,22025,2005,3,252,2439,2487,2559,13378074,7485,0,0,0
1075,22025,2005,4,250,2499,2439,2348,13741030,7286,0,1,0
1076,22027,2005,1,313,4235,4285,4302,28169071,12822,0,0,0
1077,22027,2005,2,310,4340,4366,4324,30550327,13030,0,0,0
1078,22027,2005,3,306,4385,4395,4366,32957672,13146,0,0,0
1079,22027,2005,4,305,4453,4427,4455,34224610,13335,0,1,0
1080,22029,2005,1,431,5168,5207,5308,31552702,15683,0,0,0
1081,22029,2005,2,425,5453,5439,5501,32488733,16393,0,0,0
1082,22029,2005,3,424,5395,5396,5587,33356600,16378,0,0,0
1083,22029,2005,4,428,5530,5480,5448,35058856,16458,0,1,0
1070,22023,2005,3,233,2928,2891,2876,24929191,8695,1,0,0
1084,22031,2005,1,434,6192,6282,6017,46839367,18491,0,0,0
1054,22015,2005,3,2355,39460,39822,40278,278466120,119560,0,0,0
1052,22015,2005,1,2285,37657,37818,38354,247606575,113829,0,0,0
1024,22001,2005,1,1132,13982,13903,14094,82405394,41979,1,0,0
1025,22001,2005,2,1137,14157,14169,14308,88296770,42634,1,0,0
1026,22001,2005,3,1137,13744,13747,13901,88221006,41392,1,0,0
1027,22001,2005,4,1139,16380,16834,17007,159789649,50221,1,1,1
1028,22003,2005,1,440,8310,8171,8212,53265863,24693,0,0,0
1029,22003,2005,2,437,8149,8109,8388,50031117,24646,0,0,0
1030,22003,2005,3,442,8112,8012,8081,52042339,24205,0,0,0
1031,22003,2005,4,447,8167,8098,8136,56374233,24401,0,1,0
1032,22005,2005,1,1937,29554,29835,30127,265137254,89516,0,0,0
1033,22005,2005,2,1969,30597,31148,31101,280373858,92846,0,0,0
1034,22005,2005,3,2010,30468,30780,31291,269131151,92539,0,0,0
1035,22005,2005,4,2037,31419,31845,31972,301707269,95236,0,1,0
1036,22007,2005,1,330,4556,4589,4561,35343682,13706,1,0,0
1053,22015,2005,2,2315,39145,39641,39804,260745775,118590,0,0,0
1037,22007,2005,2,330,4500,4451,4325,33589127,13276,1,0,0
1039,22007,2005,4,333,4368,4356,4386,36296037,13110,1,1,1
1040,22009,2005,1,846,10471,10448,10661,53372872,31580,0,0,0
1041,22009,2005,2,854,10722,10685,10862,55576480,32269,0,0,0
1042,22009,2005,3,849,10570,10692,10817,59988435,32079,0,0,0
1043,22009,2005,4,853,11141,11180,11165,63574932,33486,0,1,0
1044,22011,2005,1,658,8452,8294,8276,61360858,25022,0,0,0
1045,22011,2005,2,673,8395,8430,8410,61274657,25235,0,0,0
1046,22011,2005,3,679,8231,8254,8380,60062457,24865,0,0,0
1047,22011,2005,4,691,8212,8332,8393,66461996,24937,0,1,0
1048,22013,2005,1,309,4218,4219,4263,27255331,12700,0,0,0
1049,22013,2005,2,311,4255,4278,4273,28140049,12806,0,0,0
1050,22013,2005,3,313,4263,4236,4297,29910941,12796,0,0,0
1051,22013,2005,4,323,4283,4332,4321,31729916,12936,0,1,0
1038,22007,2005,3,334,4343,4406,4435,32739624,13184,1,0,0
1085,22031,2005,2,440,6223,6380,6354,49320346,18957,0,0,0
1086,22031,2005,3,441,6233,6176,6084,51464030,18493,0,0,0
1087,22031,2005,4,438,6160,6227,6016,51938546,18403,0,1,0
1121,22049,2005,2,310,3562,3618,3581,26392892,10761,0,0,0
1122,22049,2005,3,307,3488,3498,3552,27424349,10538,0,0,0
1123,22049,2005,4,309,3514,3491,3506,28871501,10511,0,1,0
1124,22051,2005,1,14111,211169,210395,212537,1744772096,634101,1,0,0
1125,22051,2005,2,14241,215462,215226,216292,1758009610,646980,1,0,0
1126,22051,2005,3,14261,215071,214329,159238,1682534069,588638,1,0,0
1127,22051,2005,4,14250,161615,173205,179644,1808925391,514464,1,1,1
1128,22053,2005,1,705,8241,8227,8361,48872241,24829,0,0,0
1129,22053,2005,2,702,8156,8299,8475,49432141,24930,0,0,0
1130,22053,2005,3,714,8338,8394,8397,51400101,25129,0,0,0
1131,22053,2005,4,713,8358,8482,8461,57227908,25301,0,1,0
1132,22055,2005,1,7630,119444,120234,120202,1002359063,359880,0,0,0
1133,22055,2005,2,7744,120597,121073,121386,1035007571,363056,0,0,0
1120,22049,2005,1,309,3442,3451,3484,25533304,10377,0,0,0
1134,22055,2005,3,7848,123024,123894,125009,1096487015,371927,0,0,0
1136,22057,2005,1,2002,32210,32562,32874,253966250,97646,1,0,0
1137,22057,2005,2,2014,33241,33106,33933,270825418,100280,1,0,0
1138,22057,2005,3,2010,33580,33693,33632,274883561,100905,1,0,0
1139,22057,2005,4,2015,33884,33858,33959,317151606,101701,1,1,1
1140,22059,2005,1,330,3635,3610,3654,21077282,10899,0,0,0
1141,22059,2005,2,337,3709,3683,3722,22234467,11114,0,0,0
1142,22059,2005,3,341,3656,3703,3648,22879228,11007,0,0,0
1143,22059,2005,4,345,3648,3677,3688,24010995,11013,0,1,0
1144,22061,2005,1,1079,17403,17550,17723,116210459,52676,0,0,0
1145,22061,2005,2,1099,17579,17815,17512,117606938,52906,0,0,0
1146,22061,2005,3,1113,17485,17321,17642,119565959,52448,0,0,0
1147,22061,2005,4,1128,17583,17730,17774,126777807,53087,0,1,0
1148,22063,2005,1,1543,18846,19110,19583,117838721,57539,1,0,0
1135,22055,2005,4,7950,126507,126926,127840,1250504153,381273,0,1,0
1119,22047,2005,4,664,13548,13554,13520,150584785,40622,0,1,0
1118,22047,2005,3,661,13736,13696,13742,146197737,41174,0,0,0
1117,22047,2005,2,667,13887,14110,13844,151875773,41841,0,0,0
1088,22033,2005,1,12998,241473,243383,245794,2079803133,730650,1,0,0
1089,22033,2005,2,13163,251251,250134,250691,2097295408,752076,1,0,0
1090,22033,2005,3,13253,251087,252465,256610,2138487442,760162,1,0,0
1091,22033,2005,4,13442,257477,261643,261593,2413143942,780713,1,1,1
1092,22035,2005,1,208,1976,1980,1971,10984884,5927,0,0,0
1093,22035,2005,2,210,1960,1974,1994,11615328,5928,0,0,0
1094,22035,2005,3,210,1978,2034,2033,12263176,6045,0,0,0
1095,22035,2005,4,208,2090,2011,1931,13202657,6032,0,1,0
1096,22037,2005,1,299,5229,5225,5246,34972275,15700,0,0,0
1097,22037,2005,2,297,5340,5360,5375,39364289,16075,0,0,0
1098,22037,2005,3,297,5299,5329,5403,39281358,16031,0,0,0
1099,22037,2005,4,304,5292,5339,5301,38129645,15932,0,1,0
1100,22039,2005,1,634,7561,7589,7751,43200500,22901,0,0,0
1101,22039,2005,2,638,7845,7824,7929,45727396,23598,0,0,0
1102,22039,2005,3,634,7839,7914,7945,46976721,23698,0,0,0
1103,22039,2005,4,625,7863,7837,7873,47219707,23573,0,1,0
1104,22041,2005,1,448,5237,5254,5357,25675442,15848,0,0,0
1105,22041,2005,2,452,5456,5744,5830,28992939,17030,0,0,0
1106,22041,2005,3,455,5368,5475,5979,29093057,16822,0,0,0
1107,22041,2005,4,461,5868,5756,5545,30994758,17169,0,1,0
1108,22043,2005,1,226,3154,3154,3151,20450156,9459,0,0,0
1109,22043,2005,2,232,3130,3168,3137,22238239,9435,0,0,0
1110,22043,2005,3,236,3064,3037,3101,21513094,9202,0,0,0
1111,22043,2005,4,235,3142,3118,3169,23711989,9429,0,1,0
1112,22045,2005,1,1869,30253,30238,30852,244403371,91343,1,0,0
1113,22045,2005,2,1856,31370,31405,31678,261894277,94453,1,0,0
1114,22045,2005,3,1864,31728,32329,32299,275055402,96356,1,0,0
1115,22045,2005,4,1881,32697,32807,32926,302369344,98430,1,1,1
1116,22047,2005,1,669,13960,14005,13923,170096472,41888,0,0,0
1150,22063,2005,3,1585,19702,19881,19535,130115660,59118,1,0,0
1279,22127,2005,4,380,5192,5159,5167,35252009,15518,0,1,0
0,22001,2006,1,1153,15850,15902,15884,126536862,47636,1,1,1
254,22127,2006,3,381,4977,5000,5020,36255141,14997,0,1,0
161,22081,2006,2,186,2012,2045,2066,12759727,6123,0,1,0
162,22081,2006,3,186,2021,2049,2049,13264875,6119,0,1,0
163,22081,2006,4,193,2023,2018,1895,13168110,5936,0,1,0
164,22083,2006,1,511,5766,5726,5855,34914610,17347,0,1,0
165,22083,2006,2,514,5834,5841,5907,35698321,17582,0,1,0
166,22083,2006,3,513,5797,5879,6170,36315032,17846,0,1,0
167,22083,2006,4,519,6249,6173,6105,41022560,18527,0,1,0
168,22085,2006,1,527,5610,5613,5638,35032657,16861,0,1,0
169,22085,2006,2,532,5664,5671,5664,34237955,16999,0,1,0
170,22085,2006,3,542,5582,5557,5590,34708726,16729,0,1,0
171,22085,2006,4,548,5547,5500,5471,37427077,16518,0,1,0
172,22087,2006,1,1021,6665,6798,7021,83300459,20484,1,1,1
173,22087,2006,2,986,7455,7625,7887,90332940,22967,1,1,1
160,22081,2006,1,185,2045,2024,2045,12678905,6114,0,1,0
174,22087,2006,3,985,7736,7842,7990,90435714,23568,1,1,1
176,22089,2006,1,1103,22209,22312,22743,289548288,67264,1,1,1
177,22089,2006,2,1139,23400,22829,22899,274600433,69128,1,1,1
178,22089,2006,3,1160,23130,23236,22983,271255377,69349,1,1,1
179,22089,2006,4,1160,23090,23254,23340,301214744,69684,1,1,1
180,22091,2006,1,104,1398,1430,1459,9021933,4287,0,1,0
181,22091,2006,2,106,1436,1455,1433,8905427,4324,0,1,0
182,22091,2006,3,109,1454,1498,1491,10217143,4443,0,1,0
183,22091,2006,4,110,1499,1526,1527,9827805,4552,0,1,0
184,22093,2006,1,393,6708,6722,6776,83012811,20206,0,1,0
185,22093,2006,2,398,6801,6897,7103,77355463,20801,0,1,0
186,22093,2006,3,401,7044,7118,7251,80093858,21413,0,1,0
187,22093,2006,4,398,7185,7195,7293,89307485,21673,0,1,0
188,22095,2006,1,845,13772,13909,14115,136382317,41796,1,1,1
175,22087,2006,4,978,8466,8455,8514,106851690,25435,1,1,1
189,22095,2006,2,855,14124,14449,14649,148356606,43222,1,1,1
159,22079,2006,4,3627,60368,60253,60391,506880706,181012,0,1,0
157,22079,2006,2,3588,59813,60261,60652,456506947,180726,0,1,0
129,22065,2006,2,298,3407,3433,3441,20274516,10281,0,1,0
130,22065,2006,3,303,3334,3322,3343,19736797,9999,0,1,0
131,22065,2006,4,304,3295,3273,3283,20548640,9851,0,1,0
132,22067,2006,1,611,7124,7195,7235,49709193,21554,0,1,0
133,22067,2006,2,611,7293,7366,7296,49856295,21955,0,1,0
134,22067,2006,3,616,7060,7103,7483,52701512,21646,0,1,0
135,22067,2006,4,614,7545,7454,7249,53010906,22248,0,1,0
136,22069,2006,1,940,13983,14202,14419,94902971,42604,0,1,0
137,22069,2006,2,951,14495,14630,14510,92734577,43635,0,1,0
138,22069,2006,3,960,14259,14325,14482,98727197,43066,0,1,0
139,22069,2006,4,979,14468,14593,14626,101088063,43687,0,1,0
140,22071,2006,1,11623,137638,141673,147415,1819184120,426726,1,1,1
141,22071,2006,2,11652,148531,150353,153261,1750651252,452145,1,1,1
158,22079,2006,3,3590,59912,60194,60811,468188937,180917,0,1,0
142,22071,2006,3,11588,150083,152349,154989,1728313813,457421,1,1,1
144,22073,2006,1,4644,70180,70450,70812,540576579,211442,0,1,0
145,22073,2006,2,4681,71042,71647,71641,547094467,214330,0,1,0
146,22073,2006,3,4691,68690,69320,71585,535570683,209595,0,1,0
147,22073,2006,4,4727,72051,72831,73646,590183760,218528,0,1,0
148,22075,2006,1,832,12936,13186,13448,170102602,39570,1,1,1
149,22075,2006,2,837,13570,13816,13902,167764723,41288,1,1,1
150,22075,2006,3,845,14104,14390,14693,170420514,43187,1,1,1
151,22075,2006,4,846,14645,14579,14500,190961515,43724,1,1,1
152,22077,2006,1,446,5316,5310,5361,36569872,15987,0,1,0
153,22077,2006,2,450,5401,5485,5572,38503606,16458,0,1,0
154,22077,2006,3,448,5442,5486,5588,34220792,16516,0,1,0
155,22077,2006,4,453,5707,5707,5667,41244231,17081,0,1,0
156,22079,2006,1,3522,58835,59038,59942,458041958,177815,0,1,0
143,22071,2006,4,11691,159890,162126,164861,1963486891,486877,1,1,1
128,22065,2006,1,296,3475,3463,3445,19328174,10383,0,1,0
190,22095,2006,3,869,14572,14497,14538,136533939,43607,1,1,1
192,22097,2006,1,1768,24332,24290,24615,171031427,73237,0,1,0
225,22113,2006,2,1184,13211,13559,13752,109841622,40522,1,1,1
226,22113,2006,3,1190,13442,13467,13727,112660786,40636,1,1,1
227,22113,2006,4,1204,13803,13722,13698,122893164,41223,1,1,1
228,22115,2006,1,836,14815,14995,15070,102173356,44880,0,1,0
229,22115,2006,2,838,15821,16045,16020,112826026,47886,0,1,0
230,22115,2006,3,850,14896,14954,15349,105860510,45199,0,1,0
231,22115,2006,4,862,14875,14946,14543,107265666,44364,0,1,0
232,22117,2006,1,771,10396,10521,10642,76330034,31559,1,1,1
233,22117,2006,2,777,10493,10564,10660,73094808,31717,1,1,1
234,22117,2006,3,783,10475,10548,10659,73948708,31682,1,1,1
235,22117,2006,4,790,10559,10693,10779,77943079,32031,1,1,1
236,22119,2006,1,901,12904,12876,13113,90757864,38893,0,1,0
237,22119,2006,2,912,13186,13178,13550,93403594,39914,0,1,0
224,22113,2006,1,1165,12903,12961,13115,104516071,38979,1,1,1
238,22119,2006,3,920,13662,13497,13495,99459279,40654,0,1,0
240,22121,2006,1,614,9785,9735,9874,89095250,29394,0,1,0
241,22121,2006,2,628,9810,9929,9985,90854860,29724,0,1,0
242,22121,2006,3,634,10001,10221,10257,88799258,30479,0,1,0
243,22121,2006,4,638,10454,10520,10631,102506883,31605,0,1,0
244,22123,2006,1,221,3568,3591,3576,34195537,10735,0,1,0
245,22123,2006,2,224,3371,3484,3435,27827065,10290,0,1,0
246,22123,2006,3,231,3069,3186,3492,22936902,9747,0,1,0
247,22123,2006,4,236,3296,2887,2715,18921619,8898,0,1,0
248,22125,2006,1,249,5324,5371,5352,54143752,16047,0,1,0
249,22125,2006,2,252,5506,5626,5486,54132802,16618,0,1,0
250,22125,2006,3,253,5203,5236,5187,54572790,15626,0,1,0
251,22125,2006,4,250,5279,5194,5241,55301783,15714,0,1,0
252,22127,2006,1,379,5217,5203,5190,34330803,15610,0,1,0
239,22119,2006,4,925,13277,13259,13704,104633057,40240,0,1,0
191,22095,2006,4,886,14331,14481,14592,146078191,43404,1,1,1
223,22111,2006,4,411,5527,5561,5582,35074124,16670,0,1,0
221,22111,2006,2,408,5692,5640,5649,34537675,16981,0,1,0
193,22097,2006,2,1773,24465,24635,25199,170883430,74299,0,1,0
194,22097,2006,3,1807,24807,24834,25134,178774757,74775,0,1,0
195,22097,2006,4,1821,24887,24776,24887,192968663,74550,0,1,0
196,22099,2006,1,851,9832,9882,10167,60383525,29881,0,1,0
197,22099,2006,2,863,10270,10404,10243,65170325,30917,0,1,0
198,22099,2006,3,884,9963,10207,10259,67084755,30429,0,1,0
199,22099,2006,4,902,10056,10261,10233,78108453,30550,0,1,0
200,22101,2006,1,1592,25725,26000,26362,250781930,78087,1,1,1
201,22101,2006,2,1611,26544,27052,27411,261691047,81007,1,1,1
202,22101,2006,3,1620,27321,27564,27598,288587812,82483,1,1,1
203,22101,2006,4,1630,27682,27515,27611,304672099,82808,1,1,1
204,22103,2006,1,6469,64930,65746,67195,568053159,197871,1,1,1
205,22103,2006,2,6639,68508,69478,70972,579668535,208958,1,1,1
222,22111,2006,3,407,5362,5405,5466,33166390,16233,0,1,0
206,22103,2006,3,6731,69849,70630,71104,598904745,211583,1,1,1
208,22105,2006,1,2509,38709,39101,40058,268998188,117868,1,1,1
209,22105,2006,2,2568,40090,40247,40717,281122788,121054,1,1,1
210,22105,2006,3,2610,40378,41266,41454,277896889,123098,1,1,1
211,22105,2006,4,2661,41353,41582,41848,307909582,124783,1,1,1
212,22107,2006,1,157,1446,1431,1442,10240013,4319,0,1,0
213,22107,2006,2,161,1460,1455,1451,9697859,4366,0,1,0
214,22107,2006,3,165,1445,1489,1593,10751428,4527,0,1,0
215,22107,2006,4,167,1572,1530,1380,11494960,4482,0,1,0
216,22109,2006,1,3079,51545,51755,52313,480907957,155613,1,1,1
217,22109,2006,2,3105,53159,54173,54998,503097826,162330,1,1,1
218,22109,2006,3,3122,54952,55553,56088,525305507,166593,1,1,1
219,22109,2006,4,3150,55885,56206,57082,589426143,169173,1,1,1
220,22111,2006,1,409,5787,5657,5621,33310230,17065,0,1,0
207,22103,2006,4,6911,71868,72610,73837,665174590,218315,1,1,1
253,22127,2006,2,380,5096,5103,5055,34196398,15254,0,1,0
127,22063,2006,4,1747,20411,20684,20805,156045883,61900,1,1,1
125,22063,2006,2,1687,20046,20137,20274,139599285,60457,1,1,1
33,22017,2006,2,7283,124590,125302,126466,1084649169,376358,0,1,0
34,22017,2006,3,7321,118907,119729,125290,1053058131,363926,0,1,0
35,22017,2006,4,7394,124746,125088,125690,1167687185,375524,0,1,0
36,22019,2006,1,4804,82668,82997,84250,757482846,249915,1,1,1
37,22019,2006,2,4841,84384,84735,84651,725072469,253770,1,1,1
38,22019,2006,3,4844,83312,83366,84820,720382276,251498,1,1,1
39,22019,2006,4,4895,84807,85843,86410,808157127,257060,1,1,1
40,22021,2006,1,245,2504,2498,2492,14774166,7494,0,1,0
41,22021,2006,2,248,2516,2504,2529,15415350,7549,0,1,0
42,22021,2006,3,256,2523,2533,2580,15223929,7636,0,1,0
43,22021,2006,4,255,2579,2539,2539,16308525,7657,0,1,0
44,22023,2006,1,196,2200,2258,2235,21888277,6693,1,1,1
45,22023,2006,2,204,2346,2560,2615,24877544,7521,1,1,1
32,22017,2006,1,7229,124083,125083,125807,1057928710,374973,0,1,0
46,22023,2006,3,205,2620,2649,2698,27370829,7967,1,1,1
48,22025,2006,1,250,2317,2332,2376,12542876,7025,0,1,0
49,22025,2006,2,251,2352,2399,2404,12897247,7155,0,1,0
50,22025,2006,3,255,2290,2345,2515,13023553,7150,0,1,0
51,22025,2006,4,256,2490,2453,2416,14407149,7359,0,1,0
52,22027,2006,1,307,4204,4214,4197,30541836,12615,0,1,0
53,22027,2006,2,313,4237,4243,4243,30009329,12723,0,1,0
54,22027,2006,3,312,4403,4418,4421,32252048,13242,0,1,0
55,22027,2006,4,306,4313,4297,4324,34646549,12934,0,1,0
56,22029,2006,1,429,5159,5158,5197,33784819,15514,0,1,0
57,22029,2006,2,429,5257,5303,5357,33349804,15917,0,1,0
58,22029,2006,3,438,5293,5316,5496,35354451,16105,0,1,0
59,22029,2006,4,442,5509,5614,5549,38523270,16672,0,1,0
60,22031,2006,1,445,5866,5860,5831,49499638,17557,0,1,0
47,22023,2006,4,209,2630,2456,2446,30519809,7532,1,1,1
61,22031,2006,2,454,5947,5985,5979,49488903,17911,0,1,0
31,22015,2006,4,2472,40807,40970,41170,318525639,122947,0,1,0
29,22015,2006,2,2428,40452,41135,40949,285418526,122536,0,1,0
1,22001,2006,2,1169,15241,14851,14932,106743136,45024,1,1,1
2,22001,2006,3,1189,14808,14900,15047,102918559,44755,1,1,1
3,22001,2006,4,1203,14930,15058,15148,115011951,45136,1,1,1
4,22003,2006,1,443,8168,8209,8402,53462024,24779,0,1,0
5,22003,2006,2,454,8453,8495,8506,57220246,25454,0,1,0
6,22003,2006,3,454,8500,8646,8485,66006604,25631,0,1,0
7,22003,2006,4,450,8611,8732,8679,65178628,26022,0,1,0
8,22005,2006,1,2094,32472,32624,33242,318932810,98338,0,1,0
9,22005,2006,2,2120,33116,33529,33530,322923062,100175,0,1,0
10,22005,2006,3,2156,32474,32709,33025,309048985,98208,0,1,0
11,22005,2006,4,2193,33045,33589,33784,349292172,100418,0,1,0
12,22007,2006,1,336,4184,4265,4468,36900787,12917,1,1,1
13,22007,2006,2,337,4596,4642,4641,38397007,13879,1,1,1
30,22015,2006,3,2442,39861,40269,40841,295404071,120971,0,1,0
14,22007,2006,3,340,4731,4808,4886,36076001,14425,1,1,1
16,22009,2006,1,853,10647,10721,10895,60469907,32263,0,1,0
17,22009,2006,2,858,10800,10858,10885,58516417,32543,0,1,0
18,22009,2006,3,872,10778,10818,11197,63273840,32793,0,1,0
19,22009,2006,4,876,10966,10834,10881,69024137,32681,0,1,0
20,22011,2006,1,683,8361,8414,8537,65220295,25312,0,1,0
21,22011,2006,2,695,8444,8488,8468,63889909,25400,0,1,0
22,22011,2006,3,697,8292,8378,8594,64929486,25264,0,1,0
23,22011,2006,4,703,8683,8604,8574,72862742,25861,0,1,0
24,22013,2006,1,322,4295,4257,4285,31574541,12837,0,1,0
25,22013,2006,2,327,4239,4267,4272,30851082,12778,0,1,0
26,22013,2006,3,329,4250,4252,4300,31567605,12802,0,1,0
27,22013,2006,4,329,4381,4432,4489,33965877,13302,0,1,0
28,22015,2006,1,2397,40195,40327,40690,288591411,121212,0,1,0
15,22007,2006,4,344,4976,4906,4899,47212543,14781,1,1,1
126,22063,2006,3,1719,19935,20223,20417,138333254,60575,1,1,1
62,22031,2006,3,455,6015,5948,5956,49110070,17919,0,1,0
64,22033,2006,1,13507,255478,257887,260509,2386793852,773874,1,1,1
97,22049,2006,2,317,3467,3504,3488,28573199,10459,0,1,0
98,22049,2006,3,315,3326,3341,3410,25703333,10077,0,1,0
99,22049,2006,4,316,3364,3414,3414,28133607,10192,0,1,0
100,22051,2006,1,14145,176324,180656,185190,1799200001,542170,1,1,1
101,22051,2006,2,14297,187232,189594,193137,1811948353,569963,1,1,1
102,22051,2006,3,14316,193828,193940,193689,1835604806,581457,1,1,1
103,22051,2006,4,14458,194790,198246,198237,2093578377,591273,1,1,1
104,22053,2006,1,718,8245,8356,8529,52726602,25130,0,1,0
105,22053,2006,2,726,8559,8622,8625,54709694,25806,0,1,0
106,22053,2006,3,722,8420,8466,8434,53782434,25320,0,1,0
107,22053,2006,4,724,8512,8489,8534,60329262,25535,0,1,0
108,22055,2006,1,7966,125907,126623,127693,1196196592,380223,0,1,0
109,22055,2006,2,8123,128163,129322,130225,1220979170,387710,0,1,0
96,22049,2006,1,309,3387,3377,3405,26289050,10169,0,1,0
110,22055,2006,3,8234,129532,130704,132338,1246431633,392574,0,1,0
112,22057,2006,1,2015,32734,33282,33623,296279992,99639,1,1,1
113,22057,2006,2,2032,34040,34420,35114,311086639,103574,1,1,1
114,22057,2006,3,2056,34871,35097,36046,329489290,106014,1,1,1
115,22057,2006,4,2074,35830,36021,36573,394249092,108424,1,1,1
116,22059,2006,1,342,3739,3763,3809,23203556,11311,0,1,0
117,22059,2006,2,353,3878,3999,4060,25592186,11937,0,1,0
118,22059,2006,3,353,3932,3979,3944,25983624,11855,0,1,0
119,22059,2006,4,357,3920,3951,3995,28207414,11866,0,1,0
120,22061,2006,1,1137,17471,17572,17961,123996589,53004,0,1,0
121,22061,2006,2,1153,18127,18257,18180,126846809,54564,0,1,0
122,22061,2006,3,1161,17939,17761,18109,125100876,53809,0,1,0
123,22061,2006,4,1164,18290,18382,18178,138018095,54850,0,1,0
124,22063,2006,1,1656,19713,20266,20417,141612906,60396,1,1,1
111,22055,2006,4,8391,131470,132379,132873,1406224869,396722,0,1,0
63,22031,2006,4,457,5923,5845,5864,52394158,17632,0,1,0
95,22047,2006,4,661,13450,13442,13410,158104494,40302,0,1,0
93,22047,2006,2,656,14019,14023,14117,149724446,42159,0,1,0
65,22033,2006,2,13678,260081,260660,256813,2374924453,777554,1,1,1
66,22033,2006,3,13795,250348,256671,259542,2339636558,766561,1,1,1
67,22033,2006,4,14031,259885,260775,263959,2625885090,784619,1,1,1
68,22035,2006,1,206,1919,1954,1990,12709901,5863,0,1,0
69,22035,2006,2,207,2009,2015,2005,12498654,6029,0,1,0
70,22035,2006,3,210,2107,2146,2265,12716278,6518,0,1,0
71,22035,2006,4,207,2293,2185,2176,13806142,6654,0,1,0
72,22037,2006,1,304,5291,5315,5320,38841926,15926,0,1,0
73,22037,2006,2,307,5256,5226,5251,37230014,15733,0,1,0
74,22037,2006,3,309,5184,5245,5333,39741466,15762,0,1,0
75,22037,2006,4,315,5274,5272,5310,38236036,15856,0,1,0
76,22039,2006,1,627,7648,7671,7824,48070203,23143,0,1,0
77,22039,2006,2,630,7793,7760,7808,46678920,23361,0,1,0
94,22047,2006,3,657,13496,13510,13441,147316656,40447,0,1,0
78,22039,2006,3,632,7713,7791,7871,48236743,23375,0,1,0
80,22041,2006,1,465,5140,5170,5367,28283395,15677,0,1,0
81,22041,2006,2,470,5275,5462,5495,29662065,16232,0,1,0
82,22041,2006,3,465,5264,5444,5675,29549825,16383,0,1,0
83,22041,2006,4,469,5596,5502,5474,31551710,16572,0,1,0
84,22043,2006,1,232,3095,3100,3100,20855653,9295,0,1,0
85,22043,2006,2,238,3185,3190,3205,22561216,9580,0,1,0
86,22043,2006,3,240,3072,3012,3099,21926720,9183,0,1,0
87,22043,2006,4,246,3033,3061,3099,23287330,9193,0,1,0
88,22045,2006,1,1870,32791,32959,33418,312384564,99168,1,1,1
89,22045,2006,2,1899,33584,33844,34239,323393164,101667,1,1,1
90,22045,2006,3,1915,34084,34604,34591,331075254,103279,1,1,1
91,22045,2006,4,1930,34757,34851,34973,366764667,104581,1,1,1
92,22047,2006,1,656,13719,13840,14020,168679041,41579,0,1,0
79,22039,2006,4,634,7731,7730,7795,52195495,23256,0,1,0
255,22127,2006,4,382,5088,5107,5099,35480883,15294,0,1,0
766,22127,2007,3,385,5197,5179,5161,38233692,15537,0,1,0
512,22001,2007,1,1191,14891,15001,15314,108541061,45206,1,1,1
674,22081,2007,3,189,2281,2351,2370,16354710,7002,0,1,0
675,22081,2007,4,186,2412,2333,2320,18286445,7065,0,1,0
676,22083,2007,1,519,6066,6041,6073,36224722,18180,0,1,0
677,22083,2007,2,517,5951,5953,6036,38017843,17940,0,1,0
678,22083,2007,3,516,5972,6110,6217,38161796,18299,0,1,0
679,22083,2007,4,507,6246,6237,6272,43946950,18755,0,1,0
680,22085,2007,1,521,5429,5429,5511,34431474,16369,0,1,0
681,22085,2007,2,515,5544,5544,5660,36090443,16748,0,1,0
682,22085,2007,3,512,5622,5694,5625,37323406,16941,0,1,0
683,22085,2007,4,504,5514,5464,5513,40392297,16491,0,1,0
684,22087,2007,1,786,7942,8233,8424,92909495,24599,1,1,1
685,22087,2007,2,760,8761,8694,8804,95482219,26259,1,1,1
686,22087,2007,3,783,8910,9225,9260,101373963,27395,1,1,1
673,22081,2007,2,191,2249,2287,2287,15977709,6823,0,1,0
687,22087,2007,4,764,9520,9458,9457,111822799,28435,1,1,1
689,22089,2007,2,1160,23988,24362,24416,295336861,72766,1,1,1
690,22089,2007,3,1165,23841,23884,24166,301305007,71891,1,1,1
691,22089,2007,4,1159,24175,24022,23777,326709492,71974,1,1,1
692,22091,2007,1,104,1436,1473,1466,9849395,4375,0,1,0
693,22091,2007,2,107,1467,1466,1467,9500782,4400,0,1,0
694,22091,2007,3,107,1424,1470,1476,10298533,4370,0,1,0
695,22091,2007,4,109,1483,1480,1511,10522129,4474,0,1,0
696,22093,2007,1,393,7028,7023,7102,85950119,21153,0,1,0
697,22093,2007,2,394,7021,7142,7117,79990522,21280,0,1,0
698,22093,2007,3,397,7200,7407,7395,81599235,22002,0,1,0
699,22093,2007,4,403,7240,7322,7347,92678192,21909,0,1,0
700,22095,2007,1,851,14331,14400,14778,145978320,43509,1,1,1
701,22095,2007,2,835,14536,14673,14952,156378087,44161,1,1,1
688,22089,2007,1,1157,23347,23393,23783,319921895,70523,1,1,1
702,22095,2007,3,846,15076,15019,14960,147366440,45055,1,1,1
672,22081,2007,1,188,2203,2197,2240,15160127,6640,0,1,0
670,22079,2007,3,3627,60928,61329,61289,499918360,183546,0,1,0
642,22065,2007,3,301,3336,3283,3333,20420222,9952,0,1,0
643,22065,2007,4,292,3324,3324,3322,22811416,9970,0,1,0
644,22067,2007,1,607,7124,7217,7372,52530863,21713,0,1,0
645,22067,2007,2,605,7470,7500,7514,52732551,22484,0,1,0
646,22067,2007,3,606,7285,7305,7478,53969409,22068,0,1,0
647,22067,2007,4,593,7550,7481,7346,55402214,22377,0,1,0
648,22069,2007,1,977,13950,14240,14410,96725897,42600,0,1,0
649,22069,2007,2,970,14304,14303,14324,94143273,42931,0,1,0
650,22069,2007,3,982,14096,14075,14253,102905862,42424,0,1,0
651,22069,2007,4,983,14178,14115,14157,106581705,42450,0,1,0
652,22071,2007,1,10173,158671,161281,165193,2050627209,485145,1,1,1
653,22071,2007,2,10053,163903,163873,165203,1885067214,492979,1,1,1
654,22071,2007,3,10254,163103,165630,166142,1903507230,494875,1,1,1
671,22079,2007,4,3634,61258,61545,61519,535976595,184322,0,1,0
655,22071,2007,4,10224,168564,171101,171931,2126155547,511596,1,1,1
657,22073,2007,2,4594,71105,71126,71428,572789582,213659,0,1,0
658,22073,2007,3,4616,68162,69191,72340,550513799,209693,0,1,0
659,22073,2007,4,4585,71863,72593,72742,610272682,217198,0,1,0
660,22075,2007,1,805,13952,14149,14261,187213942,42362,1,1,1
661,22075,2007,2,801,14438,14833,14912,179557046,44183,1,1,1
662,22075,2007,3,806,14340,14501,14475,178676690,43316,1,1,1
663,22075,2007,4,800,14502,14527,14582,198339043,43611,1,1,1
664,22077,2007,1,459,5288,5342,5413,46753271,16043,0,1,0
665,22077,2007,2,465,5470,5528,5575,40783899,16573,0,1,0
666,22077,2007,3,473,5585,5687,5753,37259943,17025,0,1,0
667,22077,2007,4,470,5773,5721,5706,45936629,17200,0,1,0
668,22079,2007,1,3587,59730,59658,60518,480714419,179906,0,1,0
669,22079,2007,2,3597,60961,61215,61516,489661249,183692,0,1,0
656,22073,2007,1,4589,70068,70665,71318,572329014,212051,0,1,0
641,22065,2007,2,294,3283,3391,3366,20695264,10040,0,1,0
703,22095,2007,4,837,15044,14992,14983,159656468,45019,1,1,1
705,22097,2007,2,1809,24877,25038,25168,187201852,75083,0,1,0
738,22113,2007,3,1214,13843,13794,13875,121648289,41512,1,1,1
739,22113,2007,4,1202,13880,13719,13766,130737603,41365,1,1,1
740,22115,2007,1,846,14795,14860,15112,106440635,44767,0,1,0
741,22115,2007,2,853,15112,15223,15182,116096715,45517,0,1,0
742,22115,2007,3,869,15118,15277,14927,115989406,45322,0,1,0
743,22115,2007,4,861,14996,14935,14976,111296461,44907,0,1,0
744,22117,2007,1,777,10835,10843,11060,80608438,32738,1,1,1
745,22117,2007,2,792,10870,10952,11034,78108028,32856,1,1,1
746,22117,2007,3,793,10534,10735,11017,81821777,32286,1,1,1
747,22117,2007,4,796,11023,11197,11115,85511582,33335,1,1,1
748,22119,2007,1,911,13742,13440,13445,105063822,40627,0,1,0
749,22119,2007,2,923,13368,13319,13299,108758716,39986,0,1,0
750,22119,2007,3,932,13113,13295,13777,106092097,40185,0,1,0
737,22113,2007,2,1203,13627,13845,13995,121377815,41467,1,1,1
751,22119,2007,4,920,13644,13677,13425,121353522,40746,0,1,0
753,22121,2007,2,630,10912,10895,11151,104874201,32958,0,1,0
754,22121,2007,3,640,11236,11319,11189,104417145,33744,0,1,0
755,22121,2007,4,638,10795,10899,11001,111864423,32695,0,1,0
756,22123,2007,1,234,2542,2505,2583,14982507,7630,0,1,0
757,22123,2007,2,236,2597,2632,2704,15763251,7933,0,1,0
758,22123,2007,3,240,2496,2549,2678,15969984,7723,0,1,0
759,22123,2007,4,237,2728,2599,2560,17921625,7887,0,1,0
760,22125,2007,1,251,5253,5323,5445,56848125,16021,0,1,0
761,22125,2007,2,254,5552,5612,5662,59475768,16826,0,1,0
762,22125,2007,3,260,5420,5119,5024,59931356,15563,0,1,0
763,22125,2007,4,259,5110,5074,5257,56553908,15441,0,1,0
764,22127,2007,1,372,5144,5143,5109,34554333,15396,0,1,0
765,22127,2007,2,377,5189,5189,5102,35244332,15480,0,1,0
752,22121,2007,1,630,10507,10608,10803,98353499,31918,0,1,0
704,22097,2007,1,1819,24187,24372,24757,182438426,73316,0,1,0
736,22113,2007,1,1191,13341,13310,13675,115251619,40326,1,1,1
734,22111,2007,3,411,5096,5134,5079,32478127,15309,0,1,0
706,22097,2007,3,1826,24790,24789,24915,184579233,74494,0,1,0
707,22097,2007,4,1808,24656,24790,24524,204417399,73970,0,1,0
708,22099,2007,1,888,10208,10286,10544,67370825,31038,0,1,0
709,22099,2007,2,898,10576,10768,10825,71073533,32169,0,1,0
710,22099,2007,3,904,10460,10540,10661,72443563,31661,0,1,0
711,22099,2007,4,898,10695,10801,10777,84516104,32273,0,1,0
712,22101,2007,1,1581,26936,26994,27056,285064188,80986,1,1,1
713,22101,2007,2,1590,27340,27805,28062,283879202,83207,1,1,1
714,22101,2007,3,1606,27795,28321,28245,299084096,84361,1,1,1
715,22101,2007,4,1594,28302,28185,28193,311044841,84680,1,1,1
716,22103,2007,1,6809,74028,74775,75684,639507960,224487,1,1,1
717,22103,2007,2,6866,75052,76089,76204,649454607,227345,1,1,1
718,22103,2007,3,6950,74162,74471,74499,649812495,223132,1,1,1
735,22111,2007,4,413,5152,5234,5134,34432073,15520,0,1,0
719,22103,2007,4,7001,75186,75637,76539,712982707,227362,1,1,1
721,22105,2007,2,2619,42095,42494,42745,300650348,127334,1,1,1
722,22105,2007,3,2640,41962,42868,43170,300519952,128000,1,1,1
723,22105,2007,4,2652,43106,43543,43858,348249607,130507,1,1,1
724,22107,2007,1,159,1354,1370,1389,9008988,4113,0,1,0
725,22107,2007,2,159,1415,1413,1428,9161457,4256,0,1,0
726,22107,2007,3,163,1404,1440,1492,9729280,4336,0,1,0
727,22107,2007,4,165,1564,1528,1409,11578250,4501,0,1,0
728,22109,2007,1,3126,57055,57284,57745,560183249,172084,1,1,1
729,22109,2007,2,3150,57252,58200,58536,577182213,173988,1,1,1
730,22109,2007,3,3205,56883,57409,57430,577590557,171722,1,1,1
731,22109,2007,4,3184,57934,58192,58187,629541583,174313,1,1,1
732,22111,2007,1,402,5302,5239,5229,30348439,15770,0,1,0
733,22111,2007,2,400,5186,5156,5232,35625645,15574,0,1,0
720,22105,2007,1,2599,41557,42007,42359,285451064,125923,1,1,1
767,22127,2007,4,387,5330,5268,5348,39200385,15946,0,1,0
640,22065,2007,1,300,3223,3228,3255,19685273,9706,0,1,0
637,22063,2007,2,1725,21586,21999,22226,157591602,65811,1,1,1
545,22017,2007,2,7274,124941,124958,125792,1132081924,375691,0,1,0
546,22017,2007,3,7345,120009,121427,126587,1082769749,368023,0,1,0
547,22017,2007,4,7295,126225,127043,128044,1239519669,381312,0,1,0
548,22019,2007,1,4752,85584,86228,86919,794995509,258731,1,1,1
549,22019,2007,2,4779,86907,87570,88372,783340730,262849,1,1,1
550,22019,2007,3,4801,85940,86583,85855,781157341,258378,1,1,1
551,22019,2007,4,4805,86521,86889,86768,862603657,260178,1,1,1
552,22021,2007,1,252,2568,2584,2600,15759271,7752,0,1,0
553,22021,2007,2,248,2729,2732,2726,16403947,8187,0,1,0
554,22021,2007,3,249,2665,2667,2663,16748340,7995,0,1,0
555,22021,2007,4,250,2709,2671,2680,17934918,8060,0,1,0
556,22023,2007,1,214,2589,2651,2663,29950397,7903,1,1,1
557,22023,2007,2,213,2938,2897,2963,29590745,8798,1,1,1
544,22017,2007,1,7239,121776,123826,124909,1086336897,370511,0,1,0
558,22023,2007,3,212,2931,2955,2991,32779957,8877,1,1,1
560,22025,2007,1,247,2352,2339,2381,12827348,7072,0,1,0
561,22025,2007,2,245,2423,2433,2465,13783638,7321,0,1,0
562,22025,2007,3,247,2370,2396,2495,13581695,7261,0,1,0
563,22025,2007,4,246,2518,2475,2376,15624057,7369,0,1,0
564,22027,2007,1,310,4253,4268,4286,31656499,12807,0,1,0
565,22027,2007,2,307,4188,4174,4093,32973930,12455,0,1,0
566,22027,2007,3,302,4070,4149,4145,32877117,12364,0,1,0
567,22027,2007,4,296,4096,4077,4139,35874448,12312,0,1,0
568,22029,2007,1,432,5581,5588,5637,36309949,16806,0,1,0
569,22029,2007,2,435,5650,5642,5686,36802271,16978,0,1,0
570,22029,2007,3,437,5458,5589,5682,39335252,16729,0,1,0
571,22029,2007,4,438,5765,5715,5682,43782495,17162,0,1,0
572,22031,2007,1,450,6005,5970,6028,54419764,18003,0,1,0
559,22023,2007,4,208,3029,2943,3013,39250766,8985,1,1,1
573,22031,2007,2,445,6117,6192,6169,54856105,18478,0,1,0
543,22015,2007,4,2518,42251,42531,42411,342013708,127193,0,1,0
541,22015,2007,2,2481,42030,42346,42389,305433341,126765,0,1,0
513,22001,2007,2,1206,15724,15865,16147,117511574,47736,1,1,1
514,22001,2007,3,1217,15753,15916,15926,118791481,47595,1,1,1
515,22001,2007,4,1213,15793,15748,15837,132954530,47378,1,1,1
516,22003,2007,1,442,8674,8749,8712,61396150,26135,0,1,0
517,22003,2007,2,445,8568,8634,8559,59302229,25761,0,1,0
518,22003,2007,3,447,8557,8652,8775,64416925,25984,0,1,0
519,22003,2007,4,448,8998,8683,8653,63825540,26334,0,1,0
520,22005,2007,1,2180,34192,34440,35056,348426265,103688,0,1,0
521,22005,2007,2,2206,34569,34416,34315,332679728,103300,0,1,0
522,22005,2007,3,2249,34240,34874,35506,337728706,104620,0,1,0
523,22005,2007,4,2247,35878,35999,36247,378367753,108124,0,1,0
524,22007,2007,1,333,4767,4808,4998,44797918,14573,1,1,1
525,22007,2007,2,333,4972,4973,5017,44739470,14962,1,1,1
542,22015,2007,3,2499,42400,42761,42564,320209317,127725,0,1,0
526,22007,2007,3,329,4989,5037,5016,45038124,15042,1,1,1
528,22009,2007,1,862,10613,10620,10930,63050684,32163,0,1,0
529,22009,2007,2,859,11079,11069,11137,63254862,33285,0,1,0
530,22009,2007,3,862,10752,10876,11304,67807172,32932,0,1,0
531,22009,2007,4,852,11248,11128,11237,73126140,33613,0,1,0
532,22011,2007,1,663,8599,8580,8621,71208084,25800,0,1,0
533,22011,2007,2,669,8407,8470,8320,67939917,25197,0,1,0
534,22011,2007,3,677,8260,8345,8434,68174807,25039,0,1,0
535,22011,2007,4,674,8649,8673,8659,73742759,25981,0,1,0
536,22013,2007,1,323,4456,4476,4609,33953289,13541,0,1,0
537,22013,2007,2,319,4554,4624,4616,33065056,13794,0,1,0
538,22013,2007,3,322,4601,4719,4728,36345598,14048,0,1,0
539,22013,2007,4,318,4665,4667,4646,37343149,13978,0,1,0
540,22015,2007,1,2457,40791,41111,41665,304827927,123567,0,1,0
527,22007,2007,4,325,5033,5019,4985,51949092,15037,1,1,1
638,22063,2007,3,1769,22310,22711,22673,167160262,67694,1,1,1
574,22031,2007,3,443,6212,6231,6156,52481232,18599,0,1,0
576,22033,2007,1,13723,256784,259019,261702,2610497219,777505,1,1,1
609,22049,2007,2,308,3643,3649,3675,29396995,10967,0,1,0
610,22049,2007,3,310,3601,3567,3728,29382076,10896,0,1,0
611,22049,2007,4,301,3599,3660,3630,29608410,10889,0,1,0
612,22051,2007,1,13745,195656,196400,197849,1970509448,589905,1,1,1
613,22051,2007,2,13714,196442,198156,199052,1940709777,593650,1,1,1
614,22051,2007,3,13800,196590,196825,196652,1926327368,590067,1,1,1
615,22051,2007,4,13749,199035,201045,203155,2206513008,603235,1,1,1
616,22053,2007,1,704,8475,8460,8570,55668060,25505,0,1,0
617,22053,2007,2,716,8524,8632,8732,59878043,25888,0,1,0
618,22053,2007,3,722,8851,8978,8717,62674317,26546,0,1,0
619,22053,2007,4,738,8766,8841,8857,68663987,26464,0,1,0
620,22055,2007,1,8309,131007,131921,132848,1350815420,395776,0,1,0
621,22055,2007,2,8385,134092,134704,135733,1358177628,404529,0,1,0
608,22049,2007,1,309,3558,3562,3661,29794020,10781,0,1,0
622,22055,2007,3,8497,134363,135920,135635,1362296531,405918,0,1,0
624,22057,2007,1,2045,35517,35430,36010,368380964,106957,1,1,1
625,22057,2007,2,2078,36482,36956,37241,383596886,110679,1,1,1
626,22057,2007,3,2083,37018,37063,37760,395311033,111841,1,1,1
627,22057,2007,4,2082,37723,37947,37971,444022864,113641,1,1,1
628,22059,2007,1,360,3916,3952,3900,26529065,11768,0,1,0
629,22059,2007,2,362,3988,3977,4059,28867138,12024,0,1,0
630,22059,2007,3,367,4059,4063,4065,28785009,12187,0,1,0
631,22059,2007,4,375,4100,4129,4143,32248019,12372,0,1,0
632,22061,2007,1,1129,17675,17957,18043,130576993,53675,0,1,0
633,22061,2007,2,1146,18177,18451,18308,133522115,54936,0,1,0
634,22061,2007,3,1152,18077,18018,18378,133247407,54473,0,1,0
635,22061,2007,4,1152,18534,18438,18323,149429301,55295,0,1,0
636,22063,2007,1,1709,21182,21382,21836,157326295,64400,1,1,1
623,22055,2007,4,8526,135462,136124,136775,1538329421,408361,0,1,0
575,22031,2007,4,446,6142,6211,6236,56917251,18589,0,1,0
607,22047,2007,4,672,14293,14173,14233,182158884,42699,0,1,0
605,22047,2007,2,660,14422,14639,14746,169006112,43807,0,1,0
577,22033,2007,2,13810,260594,262201,257962,2489307071,780757,1,1,1
578,22033,2007,3,13975,256869,263902,264938,2528986792,785709,1,1,1
579,22033,2007,4,14022,266055,267569,268775,2821205970,802399,1,1,1
580,22035,2007,1,204,2085,2091,2132,12542187,6308,0,1,0
581,22035,2007,2,206,2112,2131,2140,12682071,6383,0,1,0
582,22035,2007,3,213,2124,2206,2213,13830839,6543,0,1,0
583,22035,2007,4,213,2263,2215,2141,15051443,6619,0,1,0
584,22037,2007,1,333,5260,5272,5344,39932966,15876,0,1,0
585,22037,2007,2,340,5232,5301,5423,41085857,15956,0,1,0
586,22037,2007,3,342,5415,5519,5477,44741798,16411,0,1,0
587,22037,2007,4,342,5518,5578,5652,43596557,16748,0,1,0
588,22039,2007,1,639,7914,7936,8045,51417579,23895,0,1,0
589,22039,2007,2,633,7995,8024,8063,50846305,24082,0,1,0
606,22047,2007,3,667,13797,13919,13846,169175890,41562,0,1,0
590,22039,2007,3,637,7926,8165,8054,52816387,24145,0,1,0
592,22041,2007,1,451,5394,5395,5473,29917709,16262,0,1,0
593,22041,2007,2,452,5427,5559,5590,32324518,16576,0,1,0
594,22041,2007,3,445,5286,5447,5541,30844156,16274,0,1,0
595,22041,2007,4,441,5561,5490,5334,33847323,16385,0,1,0
596,22043,2007,1,252,3187,3156,3120,21521588,9463,0,1,0
597,22043,2007,2,252,3119,3179,3176,23940867,9474,0,1,0
598,22043,2007,3,255,3044,3087,3134,22682558,9265,0,1,0
599,22043,2007,4,250,3172,3186,3178,25312485,9536,0,1,0
600,22045,2007,1,1909,33719,33744,34171,336298237,101634,1,1,1
601,22045,2007,2,1924,34780,34730,35199,352576057,104709,1,1,1
602,22045,2007,3,1936,34516,34803,34764,345313304,104083,1,1,1
603,22045,2007,4,1932,34619,34756,34804,382402279,104179,1,1,1
604,22047,2007,1,655,13749,13950,14131,176711226,41830,0,1,0
591,22039,2007,4,630,8000,7966,7986,58828899,23952,0,1,0
639,22063,2007,4,1771,22921,23131,23215,194169593,69267,1,1,1
